time,kf_x,kf_y,odom_x,odom_y
1751764256.1597805,-1.9999395505550175,-0.500001004003084,-1.9999414403950964,-0.5000009948293865
1751764256.228269,-1.9999399390846628,-0.5000010018186137,-1.9999414598550473,-0.5000009948797007
1751764256.3299084,-1.999940248197242,-0.5000010021864947,-1.9999414960614414,-0.5000009948536486
1751764256.398762,-1.999940349681183,-0.5000010019482366,-1.9999414721942383,-0.5000009948919741
1751764256.5005152,-1.9999395773645874,-0.5000010005317782,-1.9999414245549483,-0.5000009948765085
1751764256.5694008,-1.9999397368781846,-0.500000999813975,-1.9999414402702844,-0.5000009947981924
1751764256.6708014,-1.9999398349350086,-0.5000010014812032,-1.9999414718556427,-0.500000994850988
1751764256.739291,-1.9999399933741628,-0.5000010057537563,-1.9999414454440427,-0.5000009949350789
1751764256.8418527,-1.999939860810459,-0.5000010012924923,-1.9999413997408673,-0.500000994937294
1751764256.9311266,-1.9999399120304233,-0.5000010007897525,-1.9999414219724667,-0.5000009949136992
1751764257.0303674,-1.9999400559611127,-0.5000010001336155,-1.9999414548800554,-0.5000009949486767
1751764257.0985441,-1.999939652362173,-0.5000010021290031,-1.9999414353393978,-0.5000009948535592
1751764257.1977444,-1.9999398617579085,-0.5000010040670937,-1.9999413725212218,-0.5000009949755557
1751764257.2657194,-1.9999398708090783,-0.5000010017731861,-1.9999413871104006,-0.50000099498524
1751764257.3671305,-1.9999399956323325,-0.5000010013250379,-1.9999414227496852,-0.5000009949963149
1751764257.4353166,-1.9999397929228095,-0.5000009994489187,-1.9999414082272426,-0.5000009949693466
1751764257.536959,-1.999939496186229,-0.5000010039758016,-1.9999413558123114,-0.5000009948950741
1751764257.6056786,-1.9999396377164085,-0.500001003073801,-1.9999413678597309,-0.5000009950247113
1751764257.7077792,-1.9999400036903099,-0.5000010014503469,-1.999941403186568,-0.5000009949912854
1751764257.7766037,-1.9999402422070807,-0.5000010015640047,-1.9999413827111223,-0.5000009950312558
1751764257.8776562,-1.99993950327294,-0.5000010004776209,-1.9999413400939547,-0.5000009950179162
1751764257.946496,-1.9999396798562843,-0.5000009999270918,-1.9999413591163069,-0.5000009949407488
1751764258.047949,-1.999939782730747,-0.5000010016220342,-1.999941395604892,-0.5000009949949995
1751764258.1172292,-1.9999399463029521,-0.500001005904575,-1.9999413724250548,-0.5000009950798665
1751764258.2188194,-1.9999398123620997,-0.500001001491829,-1.99878669884204,-0.5000009991400176
1751764258.2872171,-1.980334367086417,-0.5000011020956071,-1.993010897732566,-0.500001013110039
1751764258.3890333,-1.9466814738304319,-0.4998716812548069,-1.9797686175182088,-0.49980745666715704
1751764258.4575708,-1.8998044237225198,-0.4989850835509916,-1.9683108252693,-0.499026261999148
1751764258.5591877,-1.873785096388454,-0.4976445012127443,-1.9525334572839619,-0.4967755939026343
1751764258.628445,-1.858680673455386,-0.49425901536831224,-1.9415671630095184,-0.494202635668314
1751764258.729836,-1.8388903994265533,-0.49079169819055446,-1.9241781270860305,-0.4885661277745361
1751764258.7981653,-1.818717858904813,-0.4845226334493129,-1.9133920970664346,-0.4840585848951251
1751764258.9000535,-1.8046932115855707,-0.4787714145211297,-1.8957719464752874,-0.4749066197118498
1751764258.968422,-1.7808124014844517,-0.4683366401242117,-1.88456508399587,-0.4678199901986602
1751764259.069928,-1.7680237058166424,-0.4601172988649265,-1.867506076128719,-0.45484407966754514
1751764259.1382172,-1.742182830236017,-0.44561755079080495,-1.8567948248550437,-0.44519190286614296
1751764259.2400842,-1.7326705070758621,-0.4354832623534638,-1.842096602424402,-0.42958016250802583
1751764259.3086934,-1.716787924995935,-0.4183911424775217,-1.832873208812481,-0.4179716575737201
1751764259.4106867,-1.7105223579463127,-0.40726202058075345,-1.8218860446970695,-0.401436317800816
1751764259.4796095,-1.7034237596322783,-0.3888511486710988,-1.8147295840967246,-0.3884869815685239
1751764259.5808055,-1.6945673633262426,-0.37531625430266724,-1.805464675230311,-0.36856212666490146
1751764259.6495924,-1.6817078677366544,-0.35454858914297993,-1.800345156390557,-0.35475123244189244
1751764259.750774,-1.677830051749088,-0.34076779159249226,-1.7939951332006077,-0.33365662882947167
1751764259.8194013,-1.6704399388800377,-0.31936569295332484,-1.7904190031824996,-0.31921839842584504
1751764259.920971,-1.667902005719351,-0.3048871594112095,-1.7863107116789243,-0.2976771762375379
1751764259.9904094,-1.6678807473826136,-0.28379442786256387,-1.784343909906779,-0.28371437552963696
1751764260.0920343,-1.6668794299217637,-0.2691620909504656,-1.782211554450097,-0.2614687340503827
1751764260.1603677,-1.6621949572140888,-0.24687232551513008,-1.781328726338133,-0.24662221660609604
1751764260.261621,-1.6610015011240016,-0.23194885936712084,-1.7805553396548648,-0.22426835710119145
1751764260.3309798,-1.6609407076850755,-0.20988426238151606,-1.7805268588940197,-0.20974259713641946
1751764260.432855,-1.6643212235598197,-0.19577030551579505,-1.7810948816404444,-0.18821935700072268
1751764260.5014026,-1.6637517340179138,-0.1735702569769375,-1.7817448063316357,-0.17325104363330265
1751764260.6028533,-1.6649700658771143,-0.15925519958685744,-1.7830656661061113,-0.1520794935105847
1751764260.671502,-1.6681854296649354,-0.1373792225691907,-1.7842749345685698,-0.137178867215494
1751764260.7741508,-1.6674677471993333,-0.12246795649259119,-1.7863102702068563,-0.1148765827763431
1751764260.8423579,-1.668668286912613,-0.10019873905967021,-1.7879532578648374,-0.10002377300006038
1751764260.943471,-1.669981206267086,-0.08531856320973098,-1.790440490707661,-0.07773595657718903
1751764261.0126946,-1.672728300200555,-0.06310681720722294,-1.7923014748341413,-0.06290169430775247
1751764261.1140835,-1.6744837949955707,-0.048216192129196776,-1.7950124899635007,-0.040613585681920375
1751764261.18231,-1.6772389869713213,-0.026027576024025563,-1.7968722112494147,-0.025783005664426054
1751764261.2842774,-1.680554030597562,-0.011888028979997916,-1.7997606966390756,-0.004745802434779767
1751764261.3530407,-1.6856097349239387,0.009843510867767573,-1.8019491704412312,0.010052000115395475
1751764261.4545457,-1.685889989275391,0.024347699543613436,-1.8051351811018357,0.03146628345293364
1751764261.5231063,-1.6919362889032468,0.045701725997766805,-1.8072615261303908,0.04587338236979395
1751764261.6244988,-1.692119271872056,0.060379533451972014,-1.8104306263153158,0.06770065550691391
1751764261.6933956,-1.6961677101384396,0.08166263834442868,-1.8124209503924071,0.08174125780279637
1751764261.7948864,-1.6981809020500487,0.09635775565184032,-1.8153580138792091,0.1040284852210534
1751764261.8631744,-1.699441645811075,0.11804040082820767,-1.8169759077327536,0.11813476613560632
1751764261.9647517,-1.7028557516311311,0.13196364750003722,-1.8189605703931369,0.13854272640331627
1751764262.0335088,-1.7102487261867019,0.1525595290045319,-1.8201526688123422,0.15268086488798532
1751764262.1351607,-1.7068611773338942,0.1675274376247977,-1.8217220102852751,0.17469862081919862
1751764262.204142,-1.706881648242422,0.1890143395976092,-1.822541956167683,0.18886890805344142
1751764262.3059187,-1.7071954113483367,0.20387394042568188,-1.8235625298333513,0.21131605730839817
1751764262.3748612,-1.7066490655198427,0.22570904521549845,-1.8240483645343926,0.225497451261702
1751764262.4757886,-1.7090718875862383,0.2395019444492051,-1.8245811184397942,0.24598434764062693
1751764262.5442924,-1.7149876281908607,0.2601377250332976,-1.8248265604649176,0.26016504689105696
1751764262.6457837,-1.7105055611207671,0.27452866351211513,-1.8249162941737596,0.28106215809835483
1751764262.7148707,-1.7145130616754913,0.29523668478303394,-1.8248041182246226,0.2952493237442335
1751764262.8168535,-1.7100054402493496,0.31023515944274327,-1.8244331492613095,0.31731046371031685
1751764262.8855467,-1.7083927726154964,0.331680083824351,-1.8240688555569906,0.3314919235596205
1751764262.986913,-1.7075363379529982,0.3465180063113748,-1.8233200711965025,0.353940496644881
1751764263.0556495,-1.7052721611758708,0.36824273249113415,-1.8227178656117617,0.3681227471926483
1751764263.157858,-1.706520267973767,0.38207816879591083,-1.8215746712958274,0.38859190344925854
1751764263.2269678,-1.710598481775307,0.4027004495317326,-1.8206061870570103,0.40274550868834885
1751764263.3279288,-1.705000495976271,0.4176472343003431,-1.8189540949372816,0.4243515082223964
1751764263.3969374,-1.705196809691075,0.43793400432142693,-1.817817311925271,0.4377003739754002
1751764263.4983654,-1.703998992966148,0.4525937829101581,-1.8157940946616846,0.4600570098155559
1751764263.5677333,-1.698146137515268,0.4743669821344607,-1.8144519660302638,0.47418202895741046
1751764263.668724,-1.6980117270577562,0.48809557056902786,-1.8123357176612007,0.4945644122076614
1751764263.7375062,-1.7009967283230403,0.5085283972476866,-1.8107586363148356,0.5086578064425982
1751764263.838595,-1.6947211063674112,0.523415581336917,-1.8082726970377103,0.5301741083444297
1751764263.9072769,-1.6940691536381265,0.5436737181151554,-1.8066821462727964,0.5434691599235295
1751764264.0093198,-1.6924178793167555,0.5582687062821937,-1.8039717080001036,0.5657462993975709
1751764264.077747,-1.685941268975147,0.5799525023254803,-1.8022451188239557,0.5798183761045494
1751764264.1798391,-1.6838906357076406,0.5946292925145913,-1.799487589000536,0.6020866143048043
1751764264.24895,-1.6802537507275663,0.6162433903656126,-1.7977635322122982,0.6161565924185289
1751764264.34996,-1.6806786641048164,0.6299990828821234,-1.7952908287367728,0.6364781399343655
1751764264.4185724,-1.6838099645947338,0.6504306905547595,-1.79359181483725,0.6505443134032266
1751764264.5210962,-1.6774830904008078,0.6652627356831811,-1.791014624404214,0.6720393646153452
1751764264.5893662,-1.676852956031137,0.685436842381891,-1.7894318085743945,0.6853289539471205
1751764264.6908185,-1.6752968083379427,0.6999798109840404,-1.7867789359657305,0.7076132254691941
1751764264.7602973,-1.6687324390613576,0.7217020137232631,-1.785089227805294,0.7216888236332676
1751764264.860973,-1.6683973505045258,0.7354841029611812,-1.7826288287236456,0.74201429387566
1751764264.9293454,-1.671178959279382,0.7559444091815826,-1.7809386383952737,0.7560877348016626
1751764265.0309687,-1.664728038349427,0.7707603138200858,-1.7781483235548665,0.7779729595467915
1751764265.1005626,-1.6606481823145804,0.7920145443627908,-1.7762491129767701,0.7920295118288071
1751764265.2014997,-1.6582140579264348,0.8067646184250377,-1.7731290169962424,0.8142560158912313
1751764265.270167,-1.6537259316330135,0.8283927970152917,-1.771099363129176,0.828297072282005
1751764265.371846,-1.6536409707108426,0.8421191534502149,-1.768023537178061,0.8485490762073251
1751764265.4407587,-1.6559976201933502,0.8624938766066346,-1.7658507156894032,0.8625591486976288
1751764265.541871,-1.6490656211360368,0.877244525323798,-1.762375993779568,0.8839453693739132
1751764265.6109893,-1.6475891155120599,0.8973431505866648,-1.7601727225218122,0.897151537810273
1751764265.7126887,-1.6452451379078665,0.9118271958812949,-1.7564735502905613,0.9188937695483418
1751764265.7811105,-1.6391050440551624,0.9328786939863504,-1.7539542287456913,0.9328623614324235
1751764265.8825986,-1.6355201059964874,0.9475490022268075,-1.7498459862532625,0.9549229141603038
1751764265.9514015,-1.628221292186334,0.9697275044254964,-1.7470395685609663,0.9696428642368676
1751764266.0528958,-1.6243971180667525,0.9843350679288694,-1.7424333454362153,0.9916515237589756
1751764266.1212945,-1.6189663772357716,1.0061991842901918,-1.739008666932158,1.006246911229769
1751764266.2226818,-1.6153622259546574,1.0208548117138072,-1.733651888814293,1.0276648206841799
1751764266.2915215,-1.6130194468349037,1.0416012740531717,-1.730034814254329,1.0413820865307517
1751764266.3927042,-1.6112420040544835,1.0552060688172373,-1.7242854775434153,1.0618954857998961
1751764266.4608097,-1.6044375778038675,1.0763197005381944,-1.719988277434719,1.0762456688501936
1751764266.5631216,-1.597431229281793,1.0906446430602368,-1.7131391656599402,1.097662122119802
1751764266.6315892,-1.5887671140234227,1.11174966201176,-1.7084344912439184,1.1114731890474647
1751764266.733147,-1.5868007132972042,1.125214268445969,-1.7011817663811604,1.1319086934858176
1751764266.8028197,-1.5784073381719597,1.146085074942825,-1.695952747223164,1.1459537475951138
1751764266.903597,-1.573203751334857,1.1593700092215813,-1.6881726013575158,1.1657795271306892
1751764266.9721794,-1.569569522281291,1.1784826678288174,-1.683054279910148,1.1781736946758214
1751764267.0739985,-1.567605884650487,1.1912156474620867,-1.674438367083248,1.198078314749708
1751764267.1427064,-1.5518680916152547,1.2118339491410681,-1.6682426517037197,1.2117336375851322
1751764267.2444441,-1.542946974434962,1.2253587977359783,-1.6585479745003788,1.231596238383932
1751764267.313412,-1.5350512707408872,1.2448115967740343,-1.6518732795284135,1.244585561810489
1751764267.4151657,-1.5266197608644176,1.2579732997143054,-1.6410686875688787,1.2643160723282525
1751764267.483226,-1.5139082481755972,1.2774616922491193,-1.6335552145760575,1.2772965842401482
1751764267.585567,-1.5058109020572474,1.2902946265716908,-1.6217780121660441,1.296471721540232
1751764267.6542647,-1.4934203329084648,1.309262071198533,-1.6135462489246861,1.3090203306445227
1751764267.7557526,-1.4848209523736835,1.3216294643509106,-1.600665587845174,1.3274513526373786
1751764267.824893,-1.4717523824775762,1.3399978819728642,-1.5918895263417925,1.3396073508550788
1751764267.9272547,-1.4627251463872861,1.3519066162859619,-1.5782828437733893,1.3575208628339819
1751764267.9959211,-1.4487651238518156,1.3694521489085794,-1.5689282824621473,1.3692427565642415
1751764268.0978107,-1.4391838271355795,1.3809774917607551,-1.554480503721594,1.3864839278544507
1751764268.1661382,-1.4283690772867084,1.3969611883229365,-1.5456544732642852,1.3965824817330934
1751764268.2684293,-1.4246005531144998,1.407231518038134,-1.5310320371026123,1.4126160455659555
1751764268.336746,-1.4039733689974423,1.42377699747431,-1.5207277648515451,1.423501498415657
1751764268.4388912,-1.3913820465989462,1.4345408484170812,-1.504935929666954,1.4395098077822202
1751764268.5078235,-1.3743053667413339,1.4502272969362966,-1.4941614391897098,1.4499428595036807
1751764268.6092954,-1.3631400406214926,1.4604586905440184,-1.477632795805362,1.465203465956022
1751764268.6774223,-1.3482422990938048,1.474846818488727,-1.466993638089567,1.4746083714386986
1751764268.778562,-1.3400644796787495,1.484281749553792,-1.4501733187546388,1.4889333886819758
1751764268.8472195,-1.320083020360002,1.4986059196122412,-1.4385579908244368,1.4984076406632718
1751764268.9492016,-1.3072949834738323,1.5079769565305865,-1.4208297964543042,1.512255475179027
1751764269.0177429,-1.2886896760244209,1.5213826887852193,-1.4087491934874616,1.5211468023588222
1751764269.1200273,-1.2763714206743833,1.530111191431172,-1.3909768111373262,1.5336050522449611
1751764269.1886752,-1.265684311601346,1.5414167099549452,-1.3798481689649802,1.5410989398669246
1751764269.2907102,-1.254233785372079,1.5494113479447773,-1.3610081915460097,1.5533445353731883
1751764269.3595076,-1.232352840033495,1.5611139969689998,-1.3490028693531815,1.560912576611922
1751764269.460978,-1.2215076851820235,1.568705966187221,-1.3301570368113087,1.5724190061767878
1751764269.5296724,-1.1989868317656345,1.5801940612282839,-1.3172255928757504,1.579993323954734
1751764269.630574,-1.1847912625342336,1.5876589592611585,-1.2983101072955878,1.590677703884834
1751764269.699659,-1.1722790256069975,1.5971871564905373,-1.2864520291451143,1.5969881453823171
1751764269.8015645,-1.1598803945197051,1.6039273619959815,-1.266341452899687,1.6071005174068718
1751764269.870326,-1.1366855396744573,1.613442559679866,-1.253521164579613,1.613257049167817
1751764269.971873,-1.1250927055019326,1.6195784187765878,-1.2334469695291308,1.6225263271176693
1751764270.0413394,-1.1015615123960734,1.6286380861519512,-1.220056160194084,1.628396894029353
1751764270.1425858,-1.09031875008063,1.6341788282287457,-1.200725335983158,1.6364351161985058
1751764270.2115366,-1.076613584390208,1.641603621388474,-1.1882627191138357,1.6413832561623787
1751764270.3132546,-1.0622878301458294,1.6469106972560827,-1.167600090400672,1.6492855736320482
1751764270.3823297,-1.0394046163152248,1.6545041488420085,-1.1543175912803572,1.6542557374754825
1751764270.483573,-1.024414308188441,1.6596079686950058,-1.133186938347802,1.6619533188985942
1751764270.5521321,-1.002212315379285,1.6669759584533084,-1.1198082062748698,1.666708867825714
1751764270.6534526,-0.9912482853856472,1.6715468356354173,-1.1004710980900945,1.6735685698131344
1751764270.7221644,-0.9774161999218101,1.6781061744185388,-1.0873934779122445,1.6780416916018364
1751764270.8239143,-0.9624286664690354,1.6825697605412853,-1.0675397581400952,1.684612476942366
1751764270.8920789,-0.9444510061150451,1.6889645736919985,-1.054814392990276,1.688765838218326
1751764270.9937778,-0.9354236882514932,1.692807168264342,-1.0367600065949267,1.6945198984818792
1751764271.062171,-0.9239869408862451,1.6981117683406644,-1.0254388825128935,1.6980087466360303
1751764271.1639283,-0.9166857171620209,1.701461003126103,-1.009202014942831,1.7029191789540865
1751764271.232496,-0.9075894578303149,1.7061017125023978,-0.998993460143296,1.7059861018247973
1751764271.3349164,-0.9024302306513006,1.7090511079637838,-0.9846263734195789,1.7102642106996078
1751764271.4033873,-0.895256257393647,1.7130368714569788,-0.975562240547324,1.7129424602294803
1751764271.5058315,-0.8909869984986529,1.715472683906894,-0.9630487723615816,1.7165807225777023
1751764271.5745637,-0.883290525461177,1.7190567390954925,-0.9547143056525006,1.7189793338264532
1751764271.6759706,-0.8764730832004726,1.7214305440935542,-0.9430121597051239,1.7224843669201306
1751764271.7442427,-0.8700956288788534,1.7247739513832032,-0.9358394266027025,1.724669603332491
1751764271.8459399,-0.867788653153319,1.726763473940044,-0.9256605736594979,1.7277780318725267
1751764271.9144194,-0.8611619575934935,1.7298556638201743,-0.9192634742292503,1.7298036507980166
1751764272.0168614,-0.8587891467616868,1.7316856929236835,-0.9105678074717907,1.7324945017840312
1751764272.085543,-0.8566592570437275,1.7340533123697717,-0.9052793416750504,1.7340724855500127
1751764272.1868744,-0.8539977684256753,1.7356210371185472,-0.8972979111233654,1.7363642271790025
1751764272.2556937,-0.8494574417481473,1.7376774401225443,-0.8927518288234284,1.7376210176617966
1751764272.3568413,-0.8479955409410991,1.73892603682839,-0.8859003154277325,1.7395107384852235
1751764272.4255497,-0.8426719058359495,1.7406894971748577,-0.8813053634188958,1.7407141269258055
1751764272.5270722,-0.8383051631033124,1.7418183976212034,-0.8755182155729209,1.7421420810942518
1751764272.595786,-0.8500805911407683,1.742284010295349,-0.8753987279188201,1.7421698198258009
1751764272.6971848,-0.864752757530736,1.7423833079012931,-0.8753982502326716,1.7421697254057844
1751764272.7654147,-0.8732022516880805,1.7423384876867964,-0.8754000701076684,1.7421697216720422
1751764272.867661,-0.8745842404046357,1.7423847561099808,-0.8754033554880931,1.7421691566246207
1751764272.9367218,-0.8750689104722036,1.7423579608002047,-0.8754038958163004,1.7421694535426946
1751764273.0374637,-0.875132802325949,1.742299008321747,-0.8754022423150887,1.7421703742917685
1751764273.1066458,-0.875170583104892,1.7422126719885282,-0.8754006376305081,1.7421710898292777
1751764273.2078211,-0.8751848946134162,1.7421848870119019,-0.8753993424512245,1.7421717842007471
1751764273.2765405,-0.8752419942818678,1.7421619568709372,-0.875399548098374,1.7421718399204391
1751764273.37792,-0.8752434539876296,1.7421532794108419,-0.8754017498449906,1.742171475067028
1751764273.446891,-0.8752336101132866,1.7421463307821579,-0.8754030295957717,1.7421712427815128
1751764273.548614,-0.8752533898288275,1.742147723416747,-0.8754030957958258,1.7421711836368965
1751764273.6172748,-0.8753046902383901,1.7421563725054543,-0.8754022405374212,1.7421712954762607
1751764273.7188134,-0.8753361733288213,1.74216181735007,-0.8754008449486113,1.7421714971845954
1751764273.7877283,-0.8753578744205333,1.7421649502915166,-0.8754005479143039,1.7421714686788228
1751764273.8886368,-0.875367265786405,1.7421653553784044,-0.875401270160985,1.7421711445765036
1751764273.9574096,-0.8753906856724425,1.7421676065118576,-0.8754020752203989,1.74217084941454
1751764274.058688,-0.8753943793742766,1.7421675366055513,-0.8754027209286369,1.7421705433822066
1751764274.127065,-0.8753939825596248,1.7421675191641184,-0.8754025298905773,1.7421704972101928
1751764274.2289245,-0.8753938536430123,1.7421684520740652,-0.8754016186016305,1.7421705780919936
1751764274.2972567,-0.8753926139980803,1.7421690639045473,-0.8754010900642984,1.742170621465735
1751764274.3988814,-0.8753935641206808,1.7421690209114205,-0.8754009626332001,1.7421705454207168
1751764274.4679642,-0.8753989838988432,1.742169297406826,-0.8754013221720465,1.7421703967845499
1751764274.569587,-0.8754022706829268,1.742169438294939,-0.8754019487240903,1.7421701673705086
1751764274.6385748,-0.8744897987293256,1.7423847186439303,-0.8741610555998732,1.7424629455329235
1751764274.7407217,-0.8547543053128708,1.7434980628975376,-0.8636716048765042,1.7448848442854108
1751764274.8095179,-0.7931462879274962,1.7472286861261803,-0.8510583796660335,1.7477380762586252
1751764274.9108508,-0.7456629204784991,1.7505759820767828,-0.8291375008203827,1.7525546205642313
1751764274.9794788,-0.7030628006818342,1.7552510931821763,-0.8152700554923205,1.7555067127595658
1751764275.0809314,-0.6899310254958302,1.75809142477005,-0.7955933131313492,1.7595606704377458
1751764275.1495314,-0.6694742020064373,1.7624048799072962,-0.7809128509769991,1.762485577308456
1751764275.2515943,-0.650629040956473,1.765187620735291,-0.7604067990317437,1.7664344184577152
1751764275.3208456,-0.6359944418439357,1.7690717673598677,-0.7464587617574371,1.769023614021145
1751764275.4215186,-0.6171909161217822,1.7717211583742105,-0.724735470489624,1.7729130188110427
1751764275.4907057,-0.5950894555594025,1.7754147709910937,-0.7107526679174752,1.7753218209564905
1751764275.591669,-0.5801055253718232,1.7779170867263356,-0.6886151927994771,1.7790672361797901
1751764275.6599298,-0.5572504339645159,1.7815809521693171,-0.6746330048172339,1.7814436222519852
1751764275.7616982,-0.5455976842500166,1.7838629341744552,-0.6544514937121466,1.7849255022569503
1751764275.8301644,-0.5309184274564519,1.7873493726648044,-0.6404934460826721,1.7873651841106577
1751764275.931831,-0.5116262743204549,1.7899718793731307,-0.6188214748266971,1.7912900997673862
1751764276.0004017,-0.48947944545428884,1.7939552340963936,-0.604909745976522,1.7939003215992093
1751764276.1017594,-0.4745218097731256,1.7966621579761624,-0.5828240167291909,1.7979908561663889
1751764276.1701732,-0.45152501247586985,1.8003829207107234,-0.5688465346530912,1.800379627564936
1751764276.2729306,-0.43982440581764626,1.802584487277284,-0.5485990978799695,1.803585295613778
1751764276.3416865,-0.4251405545189441,1.8057109672013343,-0.5345848206213822,1.8056309426690391
1751764276.4423969,-0.40592443245803983,1.8080072961029392,-0.5128083794567325,1.8088309057484269
1751764276.511229,-0.38356798528097835,1.811140636047909,-0.4987968845809796,1.810933058195809
1751764276.6132572,-0.36853819497380796,1.8131966642830222,-0.47700305169222634,1.8141177613101762
1751764276.6823022,-0.34726904741336234,1.8160086262808275,-0.46292950182424175,1.8160070917234905
1751764276.7834954,-0.332235129893212,1.8178223434403908,-0.4406893717842785,1.81885412662235
1751764276.8522837,-0.3093307321106583,1.8206241051124608,-0.4266563255129994,1.8206519713753369
1751764276.9538481,-0.2976643933957625,1.8224100098351923,-0.4063849017448796,1.8232772315357388
1751764277.022117,-0.2828859108931142,1.8251339414107925,-0.3923675965078071,1.8250991792286753
1751764277.1238184,-0.2636966005592538,1.827295443254984,-0.3709696133556424,1.8280608406020067
1751764277.1925347,-0.24528022465601235,1.8300162052710542,-0.35772261629927643,1.829951582129757
1751764277.2937653,-0.23083713320768856,1.832000390824787,-0.33552098028919614,1.8330887530401192
1751764277.3621612,-0.20316631521330314,1.8351558431603652,-0.32074920246241273,1.8351615697002146
1751764277.463849,-0.18735443698151577,1.8374186082190216,-0.29939438372378313,1.8384655111478516
1751764277.532827,-0.16974320820817373,1.8407877333478628,-0.2850617011238585,1.8408552493151313
1751764277.633914,-0.15321218426713956,1.8432844973506601,-0.26337891498928073,1.8446272916931885
1751764277.7031922,-0.13335817914296028,1.847088294930765,-0.24944717696602134,1.8471626509653853
1751764277.8047135,-0.11893895916378111,1.8497585393296172,-0.2274185540226807,1.8512532795313072
1751764277.8739533,-0.09627451914784452,1.8537279575742496,-0.21351674954876046,1.8538418436460635
1751764277.9754949,-0.08403717338680555,1.856358380004438,-0.19184400608659952,1.8578392749742134
1751764278.044437,-0.059191520910906736,1.8601064776632543,-0.17749094723730038,1.8602815592931277
1751764278.146794,-0.04758127590292682,1.8626317238265178,-0.15733100462446561,1.8637132505536398
1751764278.215261,-0.03347722408865739,1.8660543876682385,-0.1433758033630236,1.8660628563007775
1751764278.3174465,-0.014407513978160424,1.8684740231378474,-0.12163192145717339,1.869624651137655
1751764278.385894,0.007898998187535089,1.8718915182442777,-0.10763050369632386,1.871850369147834
1751764278.4876685,0.022866985341919,1.8741419063010054,-0.08546799241460082,1.8752418018947923
1751764278.556373,0.04579797156456955,1.8773647868082677,-0.07146494406371692,1.8773056735908473
1751764278.6577144,0.058178549160299076,1.8794082707019346,-0.0496408052440549,1.8803926432697162
1751764278.7267978,0.08310213141387696,1.8823373215439942,-0.03520130306960173,1.882288359359868
1751764278.8276932,0.09527950356946574,1.8839967282234629,-0.01445025054961645,1.8846444115351801
1751764278.8962924,0.11026788616800637,1.8860900599597021,-0.0011110936403900759,1.8859618892096788
1751764278.997875,0.12548065662762098,1.8873742274285163,0.021249963692499898,1.8878400986962014
1751764279.0672584,0.15159502880611214,1.8890202769371884,0.035381745801951255,1.8888249132401098
1751764279.1687846,0.16484379946423505,1.8898683980195652,0.057391559157366434,1.89007015530587
1751764279.2374358,0.19015647581975337,1.8909716261482632,0.07193764110830599,1.8907540756399295
1751764279.3391287,0.20242682577699117,1.8914172916159266,0.09280485174533529,1.891438171725729
1751764279.4075654,0.2176027298573811,1.8917523735783146,0.1062194336881773,1.8916470422444611
1751764279.509171,0.2328735241070346,1.8917442262600932,0.12868064268808668,1.8915216984668903
1751764279.5781367,0.2591977652989429,1.891273398131675,0.1428525131347936,1.8911124445845757
1751764279.6804943,0.2741945069311622,1.8906712014336091,0.16527996960412022,1.89002120453499
1751764279.7494721,0.29928611528806454,1.8892176267354457,0.1802414679171732,1.8889832235381596
1751764279.8506603,0.3146679069666907,1.887908262930206,0.2018322282736775,1.8869694297477606
1751764279.919551,0.3321593665549398,1.8854536181699542,0.21631149935535354,1.8852319263705093
1751764280.0208592,0.3487151357560565,1.883414339599551,0.2385810114454462,1.881988409127235
1751764280.0893507,0.3730071918244849,1.879557694284211,0.25335358005100095,1.879348655194829
1751764280.1914518,0.3879973655665602,1.8766048141917728,0.2753556112925522,1.8745994564027388
1751764280.2637482,0.4101875293371862,1.871041857080958,0.28987282806687303,1.8707767878951918
1751764280.3636706,0.42460907197587605,1.866987373716141,0.31146307705946136,1.8643720500612215
1751764280.4322588,0.44554314162594016,1.8601218881587716,0.3249747390290982,1.8598135951065577
1751764280.5335855,0.45220106059587895,1.8553176929534452,0.34452696187580645,1.8521485049817543
1751764280.6025147,0.47383183277666485,1.8464276039231553,0.35825177913288636,1.846016357348152
1751764280.7036455,0.48836885182460943,1.8400412508507478,0.3773420413955335,1.8363889429246707
1751764280.772531,0.5071343506296833,1.829484248544692,0.39045825445285404,1.8289844641933095
1751764280.8738856,0.5218221080278227,1.821661463317221,0.40885308941894305,1.8173023219525162
1751764280.9423788,0.5363736287873345,1.8097446131605457,0.4201979348365088,1.8093047125017707
1751764281.0437603,0.5429774068531638,1.8015611980980644,0.4364379830113607,1.7966130258822204
1751764281.1126907,0.55905273343983,1.7879224855529232,0.44692980318816083,1.7875249825866815
1751764281.2143726,0.5672733938862192,1.778674825891926,0.4620608905201468,1.7730458095608497
1751764281.2833622,0.5853938319042635,1.7621932793816641,0.4721086083928632,1.7622257448845302
1751764281.3847997,0.5979063370513167,1.7510815763539005,0.4855131094457299,1.7458211428918984
1751764281.4530978,0.6106604584361772,1.7340972145262643,0.494264442254226,1.7337034508285725
1751764281.5548558,0.6212018122247607,1.721688664874199,0.5060137340030978,1.7153687668929283
1751764281.6229837,0.629001185544892,1.7034863627266137,0.5128682569495503,1.7033339492493542
1751764281.7255795,0.6310308932680972,1.6915349667530233,0.5224951328600853,1.6847300656755344
1751764281.794061,0.6437260861560157,1.6715544222469565,0.5289005320315698,1.6711527472917829
1751764281.8958251,0.6495374773362912,1.659062360308596,0.5368718243897532,1.652645878893263
1751764281.9645827,0.6550341010225209,1.6392025524030924,0.5423317783874777,1.6386510047333278
1751764282.0661857,0.6643749556743959,1.625010066523902,0.5496275937380769,1.6173279883518514
1751764282.134779,0.6735959387207862,1.6037226484150033,0.5537911725604813,1.6033019504456307
1751764282.2355509,0.6745712846541376,1.5898603970815341,0.5591141802006917,1.5822207603269978
1751764282.3042216,0.6801297791198196,1.5678862118248278,0.5622378845139228,1.5675584070361444
1751764282.4060829,0.6825202685744372,1.5538796243986561,0.5658971437362338,1.5467066967569634
1751764282.4745636,0.6845633728562779,1.5321992335301151,0.5680091042335419,1.5318705976480076
1751764282.5759852,0.6883625809519756,1.517508085985343,0.5704787264096007,1.5102934979055018
1751764282.6447659,0.6874385066567259,1.4960001636781364,0.5717283409455044,1.495743525553551
1751764282.7464073,0.6904126551416319,1.4813242466437408,0.5731601809844868,1.4740931928513714
1751764282.8149924,0.6891738351985754,1.460345917333422,0.5737976228609697,1.4602978811547487
1751764282.9171722,0.6856225183652868,1.4469676738427995,0.5743534072333775,1.4393951784592807
1751764282.9854264,0.6889999910253506,1.42482053833426,0.5744649740645713,1.424406646962017
1751764283.0886006,0.6892698720648982,1.4110832382136793,0.5742681961177913,1.4042925447686383
1751764283.1570914,0.6865105077976423,1.3896784648446234,0.573895691415664,1.3893140294601922
1751764283.258548,0.6900209067435337,1.3750070492670943,0.5730505407635513,1.3676480511479046
1751764283.327248,0.6874512848255006,1.353452693467251,0.5723263532500914,1.3530845976341854
1751764283.428568,0.6888019169105017,1.338549005746611,0.5710540082167623,1.330663343561773
1751764283.4975827,0.6894062307057134,1.316045541272005,0.5700559256999955,1.3157196163141696
1751764283.599214,0.6858169427347851,1.3023697214617536,0.56853421234672,1.2956743394214074
1751764283.6683507,0.6803897180616869,1.2810257200204458,0.5672712454822451,1.2807616171082519
1751764283.7699842,0.6827640108898354,1.2663772307162364,0.5653536928426243,1.259181440118646
1751764283.838482,0.6790578181324021,1.2448573565730738,0.5639892898649581,1.2446710704374153
1751764283.9399698,0.6797798637980299,1.2299850825147411,0.5618168562846485,1.2227272959901665
1751764284.0083904,0.6767132932089805,1.2087260383073486,0.5604911738377776,1.2086285426127024
1751764284.1107228,0.6723259799533756,1.1952503965853256,0.5585973298923016,1.1886171424606355
1751764284.1794772,0.6676387173205834,1.1745792065944973,0.5571675434108571,1.1745196830980817
1751764284.2811787,0.6664366619838177,1.1611740489546736,0.5551944563788505,1.1545373389534832
1751764284.3503838,0.6607188699653035,1.1418852307431224,0.553952127787801,1.1420029049773166
1751764284.451731,0.6562650745245853,1.1296647610402883,0.5521682986666063,1.1239805717320188
1751764284.5209057,0.6485394577139194,1.1124335036620487,0.5510466934081858,1.1126154103133008
1751764284.6227705,0.6426667722467486,1.1015383040277253,0.5493095501952339,1.0950110725239732
1751764284.6919122,0.6494562464417974,1.0805609715201205,0.5478617181656242,1.0801290669879446
1751764284.7926893,0.6572728003875349,1.066107005270081,0.5458012813663692,1.0589712793720583
1751764284.86104,0.6548126620391268,1.0461993399582334,0.5445756286734222,1.0464255621931768
1751764284.9627855,0.6484564062704726,1.0340307518252825,0.5427695082058426,1.028396019860542
1751764285.0311458,0.6393493910701562,1.0168329638281017,0.5416066786499842,1.0170330061985533
1751764285.1335926,0.6331540253094703,1.0059445155503313,0.5399312492852169,1.0009757986963568
1751764285.2021818,0.6251072966447621,0.9906760857008926,0.538847555757437,0.9907970588027646
1751764285.308097,0.6200479082712512,0.9812309463587763,0.5373170450601854,0.9767056733278171
1751764285.3744812,0.613785748629869,0.9672621753852219,0.5362823156401558,0.9673141047902657
1751764285.4753816,0.6116660822931951,0.9581893405019584,0.5348153827420306,0.954004579371591
1751764285.5437784,0.6057294161364861,0.9456378914465178,0.5339040007758185,0.9457867253518978
1751764285.6458073,0.6002775901194664,0.9378673373902928,0.5326359961822371,0.9344379717006813
1751764285.714086,0.5928534790538422,0.9275907582544115,0.5318771579165323,0.9277844421363493
1751764285.8156548,0.5864466138708605,0.9214148694658043,0.5307999412179769,0.9184013390909598
1751764285.884467,0.5816986980569059,0.912115932422298,0.5300812320784734,0.9121455350561665
1751764285.9856546,0.5789241141358834,0.9065274443386993,0.5291231664360723,0.903927725744741
1751764286.054283,0.574128644841027,0.8984023669084799,0.5284760082246667,0.8984535164533589
1751764286.1556652,0.5726664987730821,0.8932576140353368,0.5275933395513304,0.8910208888565926
1751764286.2248871,0.5671490687412786,0.8862786553757823,0.5270307806879766,0.8863321554270019
1751764286.3257353,0.5652165723297317,0.8816254684836369,0.5262351876724509,0.8796895566330757
1751764286.3949673,0.5608271717687675,0.8757029549026876,0.5257668930680521,0.8757837799022234
1751764286.4960496,0.5582803649276298,0.8719336410087741,0.5251171778734023,0.8699533468902627
1751764286.565192,0.556556524583437,0.8661859237539118,0.5247581548770646,0.866061699330846
1751764286.667129,0.5560434482355833,0.862265878229122,0.524333403627209,0.8602155922879597
1751764286.7355354,0.5556631200397838,0.8566803475104199,0.5241450073560964,0.8567058330618995
1751764286.837086,0.5524411549901017,0.8535033697495593,0.5239718360338996,0.8520258419427656
1751764286.9065847,0.5498289233545363,0.8488742250963568,0.5239092208148355,0.8488958285446043
1751764287.007686,0.5492675147294483,0.8457535729488916,0.5238859075602923,0.8442091354031735
1751764287.0765147,0.5491183800574999,0.8410247650410163,0.5239173152771128,0.8410842380112402
1751764287.177679,0.5491166947746794,0.8381943829690669,0.5240121851525855,0.837180780553802
1751764287.2461312,0.5450096091019131,0.8347131124259243,0.5241007088923256,0.8348374839171775
1751764287.3475885,0.5438232562666583,0.8323902552695079,0.5242708416029241,0.8313222911031045
1751764287.416463,0.5433629250258255,0.8296224685968465,0.5243504327352967,0.8299423041938228
1751764287.5178328,0.5349076891786589,0.8297937400677685,0.524341317043853,0.8299987255026104
1751764287.586348,0.5267334632288206,0.8300395261617018,0.5243350248631968,0.8300345086815474
1751764287.688523,0.5249678547560719,0.8300754262403792,0.5243261574989884,0.8300788144341951
1751764287.7570436,0.5243598035911352,0.830085359246926,0.5243193588201926,0.8301095538247112
1751764287.858779,0.5243065109816214,0.8301009242990841,0.524309193577003,0.8301521785193423
1751764287.9268868,0.524224879137646,0.8301467666772723,0.5243018981419184,0.8301798664207467
1751764288.0286534,0.5241513146683796,0.830180862668946,0.5245338895424304,0.8290960015036518
1751764288.0971448,0.5354835560555831,0.8263898229888129,0.5252355846991957,0.8260674752612388
1751764288.1989806,0.5449731856482596,0.8231532470787576,0.5263987047303601,0.8215457650430079
1751764288.267968,0.5458674697142235,0.8207465271259073,0.5265104400871272,0.8211360145259694
1751764288.3699653,0.5356617216734282,0.8207840755843879,0.5265134291887205,0.8211262001150371
1751764288.4389515,0.5285467503547677,0.8209666988190277,0.5265140479213619,0.8211227059783919
1751764288.540708,0.5271540109957906,0.821068963290231,0.5265117564067344,0.8211267890912967
1751764288.609076,0.5266442946158862,0.8210602568185829,0.5265103558721462,0.8211293696506735
1751764288.7115576,0.526572398258826,0.8210644777070526,0.5265089942157558,0.8211310271821733
1751764288.7807267,0.5265671943895783,0.8210658253335198,0.5265086684164337,0.8211299495768803
1751764288.8817139,0.5265660815344833,0.8210752889643778,0.5265088742185611,0.8211265708303971
1751764288.9501383,0.5265529427252554,0.821093765154046,0.526508971883959,0.821124947027769
1751764289.0520551,0.526530839365747,0.8211100957544217,0.5265085208929445,0.8211252452234175
1751764289.1203089,0.5265106312560239,0.8211184392429843,0.5265079545025059,0.8211267927772357
1751764289.2220502,0.5265065211338572,0.8211181194501157,0.5265073092822997,0.8211290139378783
1751764289.291215,0.526507432703588,0.8211209022255401,0.5265073008145505,0.8211294000885162
1751764289.392566,0.5265126916585652,0.8211229302389843,0.5265079230588949,0.8211280937522241
1751764289.4614887,0.5265205463850476,0.8211240166287885,0.5265085376810162,0.8211268031592199
1751764289.5625844,0.5265208623594072,0.8211247964818517,0.5265092369399944,0.82112591644905
1751764289.6314564,0.5265140066215996,0.8211268128211723,0.526509441823231,0.8211264058671128
1751764289.7337303,0.5265085642651204,0.8211281258096204,0.5265095368382633,0.8211280696002541
1751764289.8024476,0.5265044619531859,0.8211303608525562,0.5265096711384981,0.8211290077699609
1751764289.9044118,0.5265067174950374,0.8211311003325796,0.5265102402614681,0.8211291859157965
1751764289.973589,0.5265136425521513,0.8211306484760349,0.5265108383480145,0.8211285515369119
1751764290.0751107,0.5265177484970845,0.8211299947591203,0.5265117561066524,0.8211275057738137
1751764290.1432822,0.5265185442445509,0.8211295201393891,0.5265122075018781,0.8211273356360435
1751764290.2448392,0.5265156920814781,0.821129893479671,0.526512576271402,0.8211280807659382
1751764290.3139641,0.5317867441394583,0.8183408936895152,0.5274707190031409,0.817761819396038
1751764290.4150224,0.5555723405478752,0.8107818958267692,0.5312237057378498,0.8046030992003708
1751764290.4838183,0.6053387106864676,0.792855301931552,0.5346153692417395,0.7921947879505149
1751764290.5857508,0.6320522492042453,0.7784476814570637,0.539135391929723,0.7704861335097645
1751764290.6540618,0.6555968726062984,0.7556740286714272,0.5409555725273959,0.7555193991792946
1751764290.7555943,0.6575938395736236,0.7418279647963523,0.5417096695094725,0.735276841157477
1751764290.8240128,0.6486070423038404,0.7229374744581911,0.5411498832614067,0.7233545580099868
1751764290.926062,0.640238589381033,0.7104740314277871,0.5384691585512164,0.7032960871234327
1751764290.9945924,0.6450694774280927,0.690307759196244,0.5356060211745829,0.690113482821315
1751764291.0965202,0.6383144704567003,0.6773108615044967,0.5292755005267862,0.6696757821579951
1751764291.1651974,0.6396652620791202,0.6563282348577553,0.5238115775547008,0.6560859104562754
1751764291.266679,0.6334650383991336,0.643349880518883,0.513997827719032,0.6366249277313826
1751764291.3361115,0.6240759358374233,0.623940270012034,0.5061050730074074,0.6237617068020559
1751764291.437728,0.6171304297645003,0.611600287016232,0.4929048217612749,0.6055394737761299
1751764291.506833,0.6027077182146601,0.5944588441835332,0.48391708804224887,0.5944868389759865
1751764291.608384,0.5910041265692199,0.5839415636948224,0.47045936551001005,0.5789908222241955
1751764291.6770644,0.5712589166033889,0.5685984620241256,0.4611000696878656,0.5684673007579073
1751764291.7785604,0.5664209022358548,0.5571996913363367,0.4465208525743295,0.5516037458239426
1751764291.8472884,0.5554543596928968,0.5402497551264318,0.4373429627752647,0.5402981007506119
1751764291.9487755,0.5481125129484034,0.528719786436131,0.4243426360201966,0.5220768773917821
1751764292.0174346,0.5352034802426755,0.5102795308399537,0.4170728665668011,0.5098973014572941
1751764292.1188776,0.525423110944759,0.4972616988448242,0.4074259382903582,0.4902806611444855
1751764292.1879537,0.5190764299548911,0.47653994756880347,0.4019039784261931,0.476507397324637
1751764292.2919576,0.5153323433130854,0.4624027322673981,0.3952272507158759,0.4552825921808115
1751764292.3602057,0.5103150723515798,0.44082060037357285,0.3919156814457486,0.4408261183390217
1751764292.4607341,0.5079038537889192,0.4262185876827982,0.38845336361395655,0.41878789488212026
1751764292.529466,0.5056835930222294,0.4039005939143106,0.38690872205839094,0.40398732410152244
1751764292.630948,0.5048362435575993,0.3888556413924366,0.38542731050445034,0.38165657993020374
1751764292.6991615,0.5040009842396241,0.36647426947237316,0.38488132615987514,0.36676719797087604
1751764292.8013718,0.5039998689097618,0.3515482629924728,0.3848548877665739,0.3443680585955308
1751764292.8703403,0.5046352711971677,0.3292215710531285,0.3850976355698348,0.3294357464893656
1751764292.971752,0.5050964992549312,0.3141728721853577,0.38604654201308486,0.3074786455698353
1751764293.039971,0.5034702836252953,0.2930322892750851,0.38708123211637435,0.2934079243860931
1751764293.1417954,0.504502721418215,0.27830553087372606,0.3892894186495664,0.27121166176020195
1751764293.2103324,0.5077369587737133,0.2567091766681084,0.39098424412505556,0.2572363639316466
1751764293.3118348,0.5080420117557695,0.24245898383361897,0.3940773093960723,0.2354937519351583
1751764293.3802173,0.5145408767534192,0.2210238323681696,0.3962426906043192,0.22146973317932997
1751764293.4821095,0.5116561305332552,0.20795623768864324,0.3993421027869735,0.20080652951607397
1751764293.5508146,0.5163521915871816,0.1860370153247523,0.40140390375767393,0.18597941541989674
1751764293.6518612,0.5197631196919269,0.17184157564203006,0.4040940156182234,0.16487193972479627
1751764293.720992,0.5219309825206973,0.1499362484976172,0.4058270488661382,0.14999805234714259
1751764293.8227358,0.5256740586952209,0.13526209766029967,0.4080858180849033,0.12843128909502619
1751764293.8918955,0.5248956434472203,0.11441306900304526,0.4093107283918282,0.11468107324031514
1751764293.9933069,0.5218259116778305,0.10117446973758915,0.41084933224698,0.0938367786998098
1751764294.0619502,0.5262815482540153,0.07908781152133479,0.41177655740681507,0.07889244423916153
1751764294.1628482,0.5274292001817877,0.06545422131422711,0.41283731908629634,0.05803266541378517
1751764294.231385,0.5290429028787791,0.04330750763615812,0.4134380512661382,0.04307107274419858
1751764294.3335235,0.5321234172858036,0.028226620453236723,0.4139279068671379,0.02058091705568099
1751764294.4022613,0.5307608598383462,0.007073308494222312,0.41389419464304256,0.007168440977937448
1751764294.5034685,0.5254051134714622,-0.006771984787211076,0.4134521558266464,-0.01452452736960995
1751764294.5723085,0.5298721564059591,-0.029265148005105095,0.4128714031642861,-0.02950870513179408
1751764294.673886,0.531001185631742,-0.044366645678863406,0.41130947797208256,-0.05196015950645965
1751764294.7432115,0.5298768411913806,-0.06664303239221611,0.4099669722309968,-0.06687801026869267
1751764294.844612,0.528442920181575,-0.08152214185365148,0.40748114981231637,-0.0892330564610444
1751764294.9131231,0.5256635384933697,-0.1039406865737717,0.40542915886745096,-0.1041014282243961
1751764295.0150385,0.5233242250736522,-0.1187499947682899,0.40161756758315975,-0.1262846216613777
1751764295.0836134,0.519043780931665,-0.14084283974900189,0.398665096461617,-0.14099377996714155
1751764295.184836,0.5157590690510415,-0.15532104796288687,0.3937091434303624,-0.16292977295993744
1751764295.2545035,0.5104126871288475,-0.17719716908082841,0.3901510210768802,-0.17748065079622247
1751764295.3565013,0.5065736874514137,-0.19169607172240388,0.3843200123462807,-0.1992154393265837
1751764295.4253469,0.5002801256893796,-0.21332273974963042,0.3799827333950768,-0.21359004628721606
1751764295.5269768,0.4956185964184207,-0.22761251288818526,0.37261239592941203,-0.23488740016545256
1751764295.5954938,0.48760750573138945,-0.2486621577063755,0.3670701648015049,-0.24883838722735727
1751764295.6968596,0.48183408017653934,-0.26243194897968897,0.35829624132329746,-0.2695611092781675
1751764295.7652767,0.47248696960231945,-0.2829957791006114,0.3520324568684255,-0.2831988202263522
1751764295.8668962,0.4657981795825441,-0.2964727386524635,0.3418991337523028,-0.30331362990321487
1751764295.9351573,0.45509753293387667,-0.31624028571792834,0.3346684797352202,-0.31645665631885306
1751764296.0370169,0.44707330600674194,-0.3284610404427808,0.32377847999009224,-0.33469149056271424
1751764296.1060367,0.4328153543593495,-0.3469770222251874,0.315622825365262,-0.3472953743833711
1751764296.2075505,0.4261659712689622,-0.3591573337602658,0.3031321815435274,-0.36508848296298796
1751764296.2760935,0.4102124337161037,-0.3764573173081147,0.2943119801438022,-0.3767072119328556
1751764296.3778443,0.40317332513652276,-0.38827028853998397,0.2801213137471458,-0.39408649894077047
1751764296.4461284,0.39042120469275576,-0.4050231028204051,0.2702030385077665,-0.40530956272937513
1751764296.5480313,0.38033109027176826,-0.4160131878142187,0.25462541454341386,-0.42159320685383744
1751764296.6161864,0.3633523056128614,-0.4313849244425568,0.24442708509957348,-0.4314997525396231
1751764296.7181225,0.35027987094900404,-0.44073231334756396,0.22920781270828913,-0.4453188644048267
1751764296.7865775,0.3287053108027082,-0.45419429103254894,0.21833347920392873,-0.4544856518689456
1751764296.8880079,0.3216100830803857,-0.4634521707672101,0.201047429156803,-0.4682208496256902
1751764296.957592,0.30564724926734194,-0.4760754210037482,0.18973261890862375,-0.47668571227966733
1751764297.0586183,0.29207194127072217,-0.48406023742722726,0.17333310031589827,-0.48834294732076244
1751764297.1272864,0.2731247229499638,-0.49643394413003705,0.16091683130092602,-0.4967648747547735
1751764297.2287128,0.26554442337916645,-0.5043560612275998,0.14328030182903934,-0.5080202156129263
1751764297.297871,0.2445022043967916,-0.5154651940834701,0.1304669575618575,-0.5157393255807631
1751764297.399563,0.23469345146801468,-0.522649877956811,0.11098723254727069,-0.5267557642542038
1751764297.4681816,0.21789962306747013,-0.5332203270045679,0.09847742750206963,-0.5334944405043466
1751764297.5699406,0.20039723334353038,-0.5394706494566158,0.07986925861214814,-0.543034683884219
1751764297.6384835,0.18168091531717434,-0.5494059006174977,0.06638013402546733,-0.5495743018333626
1751764297.73958,0.17010135078207916,-0.5553953133827412,0.04704100223126061,-0.5584985883524876
1751764297.8083184,0.14958061316492494,-0.5642227254004674,0.0333304620384109,-0.5645237355277546
1751764297.910144,0.13809012499632323,-0.5699570896611109,0.01257170440585051,-0.573089023295596
1751764297.979321,0.11900195829244581,-0.5780103086645436,-0.0006697802789797457,-0.5782439905698544
1751764298.0804808,0.10063598041617922,-0.582683879433645,-0.02029016919239434,-0.5854557250446599
1751764298.149709,0.08086149469813064,-0.5901123903901512,-0.03440312655728429,-0.5904472133618529
1751764298.2508202,0.06864734733982292,-0.5947718869375497,-0.05449694015204765,-0.597409956316887
1751764298.319335,0.04619420281491482,-0.6014260005694678,-0.06861516994423145,-0.60220535919472
1751764298.4216654,0.035805590097169715,-0.6056653711682561,-0.08992816411183481,-0.6092577793727327
1751764298.4903903,0.015701013551678467,-0.6131706497532409,-0.10409578985309309,-0.6140184305886752
1751764298.592655,0.001636091050794597,-0.618417453410295,-0.12522468098715714,-0.6214722587896644
1751764298.6614556,-0.019459626834232135,-0.6263758311722587,-0.13923261388293534,-0.6266522718732606
1751764298.7635458,-0.033452770293316725,-0.6317824900739979,-0.16014284573986085,-0.6347018669414358
1751764298.832138,-0.054232210942276704,-0.6401461429514365,-0.17397790623797965,-0.6403059395721323
1751764298.9338305,-0.06806163712806623,-0.6459993470880594,-0.19474183222329441,-0.6488263599517605
1751764299.0024078,-0.08864574080335447,-0.6545377133371932,-0.20850944442143513,-0.6546199657318741
1751764299.1039662,-0.10186482749364772,-0.6602272881877267,-0.2276063441917137,-0.6629546279953047
1751764299.1726959,-0.1290948608936982,-0.668725155792506,-0.24047035355392515,-0.6688364197247308
1751764299.2743652,-0.1391080621365417,-0.6751675190709642,-0.26001629467733195,-0.6781281667865907
1751764299.3432224,-0.15953526657837447,-0.6842454194684842,-0.27206392131473695,-0.6839515940245336
1751764299.4447665,-0.1728798483889038,-0.6906652053504941,-0.2921991721718645,-0.6938578154607973
1751764299.5136774,-0.1877416261811205,-0.7006478652417271,-0.305536080378726,-0.7005949413353169
1751764299.6148684,-0.19949503050173695,-0.7073774875772713,-0.32478202265058914,-0.7105376815545685
1751764299.6841993,-0.2213275368738531,-0.716942682171917,-0.3366333125712655,-0.7167847556451657
1751764299.7857752,-0.23963546642779676,-0.7228312744161897,-0.3542457711132499,-0.7262536860173497
1751764299.8541656,-0.2556461383649007,-0.7333944213160575,-0.36733591405843913,-0.7334493008528569
1751764299.9559538,-0.2647616721615524,-0.7404021266472941,-0.3857661083116288,-0.7439701682871076
1751764300.0241127,-0.28482102875114,-0.7508853780381539,-0.3972843038202216,-0.7507552574128771
1751764300.1259446,-0.29900847864084745,-0.7576462008050113,-0.41378661622375495,-0.7607052000301708
1751764300.194313,-0.3205896347418811,-0.767145242769679,-0.4238225965577379,-0.7669065266816572
1751764300.2957373,-0.3375925596633154,-0.7729290943255549,-0.43777443742336936,-0.7757393752474946
1751764300.3643758,-0.3568466008449704,-0.7815892992512868,-0.4467013811446935,-0.7814879470425931
1751764300.4660323,-0.36963328801871576,-0.7871557596266524,-0.459192078024073,-0.7896818474496183
1751764300.5350945,-0.38725912852116634,-0.7949725397826641,-0.4670368223705031,-0.7949216656845324
1751764300.636905,-0.3984614704426124,-0.7998420873080444,-0.4777710768664985,-0.8022098922152228
1751764300.7053895,-0.4149025165629656,-0.8067849776943278,-0.4842415377977884,-0.8066757388971895
1751764300.8070347,-0.4248014032756292,-0.8110648212477284,-0.4932389965798547,-0.8130040299593648
1751764300.875837,-0.4397991805739553,-0.817190304275743,-0.4989744835495733,-0.8171435022039057
1751764300.9775105,-0.4470723550398932,-0.8213502683579984,-0.5072604436867982,-0.8231443496890449
1751764301.0463343,-0.458468237681317,-0.8269483493454127,-0.512343337421848,-0.8268527636397954
1751764301.147687,-0.46557813414204485,-0.8306267188539332,-0.5199634021885278,-0.8324311478696218
1751764301.2161694,-0.4750546931183028,-0.8358192714236079,-0.5243994423973212,-0.8356967821467711
1751764301.3183868,-0.48216000709983975,-0.8388837014753417,-0.5303954547888411,-0.8401366604291526
1751764301.3872406,-0.49382802419702077,-0.8430342525740636,-0.5341475750606883,-0.8429882714077201
1751764301.4886541,-0.49912541008401873,-0.8458959323213969,-0.5397845275003265,-0.8472818563966593
1751764301.5576577,-0.5054237011338121,-0.8502065418728004,-0.5435498015790591,-0.8501405223282982
1751764301.6588104,-0.5102723506998339,-0.8526803005384996,-0.5482353891171214,-0.8537133066896382
1751764301.7269976,-0.5183173820762472,-0.8562763560817214,-0.5513676488065204,-0.8561070930344604
1751764301.8289838,-0.5220711645269481,-0.8584398146376171,-0.5554082882277477,-0.8592038814093337
1751764301.8980403,-0.5295594353402455,-0.8615560869843137,-0.5584581804044976,-0.8616361697943309
1751764302.0007837,-0.5312716841433729,-0.8639762453065148,-0.5629715347514219,-0.8653862252043959
1751764302.0689595,-0.5345724433004005,-0.8676965313990789,-0.5656360915796605,-0.867669765489475
1751764302.1707666,-0.5398476157135635,-0.8697387623734184,-0.569110372652562,-0.8708041062688027
1751764302.2390602,-0.5455910826502567,-0.8729801128388183,-0.5713971727102032,-0.8729327629309275
1751764302.341082,-0.5483077105020485,-0.8751720299930548,-0.5747955190001719,-0.8761817145617565
1751764302.4097497,-0.5518155959161322,-0.8785191608867589,-0.5770428870567479,-0.8783726845754862
1751764302.5107632,-0.5538476902807005,-0.8805350057317013,-0.5798060401628962,-0.8811130287967351
1751764302.579396,-0.5605875268027289,-0.8828048506142206,-0.5814395610575737,-0.8828030675226157
1751764302.681932,-0.5634850587078314,-0.8845332227142174,-0.5838602386572578,-0.8853559363558592
1751764302.7499807,-0.5664402828959626,-0.8871440967150586,-0.5854669425688392,-0.8870767579521459
1751764302.8518674,-0.5691927684622913,-0.8882619384843636,-0.5870255122324065,-0.8887936608854784
1751764302.9221594,-0.5742874991219296,-0.8899417613102941,-0.5880575211269818,-0.8899648311485692
1751764303.0232964,-0.5757263343718854,-0.8907342491822312,-0.5885883982324882,-0.8905745151152031
1751764303.0921905,-0.5842918388103634,-0.8907664398336932,-0.588613536312623,-0.8906086951922536
1751764303.1939218,-0.5868376475389745,-0.8908023739007263,-0.5886801143307805,-0.890688697337795
1751764303.262468,-0.5878869209131714,-0.8909435129292756,-0.5887535256358233,-0.8907674362253468
1751764303.3644981,-0.5879612465504932,-0.8910837925136562,-0.588892519593107,-0.8908936274140687
1751764303.4337375,-0.5879938432144923,-0.8911453559942367,-0.5889919576249651,-0.8909686831432577
1751764303.5346804,-0.5880472767838412,-0.8912070802319673,-0.5891535168517514,-0.8910713959077987
1751764303.6033368,-0.5881577616729388,-0.8913230893646977,-0.5892665327970722,-0.8911301431142825
1751764303.7046602,-0.5883125445536389,-0.8913212558930297,-0.5894406669856191,-0.8912037975106707
1751764303.773898,-0.5885699337574948,-0.8913356932869874,-0.5895597627721432,-0.8912426884543063
1751764303.8747017,-0.5887830048782259,-0.8914151038640181,-0.5897421481507347,-0.8912860517253032
1751764303.9431498,-0.5890100239894857,-0.8913971984563798,-0.5898658358736284,-0.8913045287766371
1751764304.0446923,-0.5892036975168216,-0.8914008414131788,-0.5900541031437491,-0.8913168098187688
1751764304.1135461,-0.5893981103348338,-0.8913502111343514,-0.5901801345614298,-0.8913145560492455
1751764304.214803,-0.5894853243223696,-0.891306732637343,-0.5903620319221212,-0.8912968171129493
1751764304.2835436,-0.5897141016174701,-0.8912407713040783,-0.5904783489505651,-0.8912761507171931
1751764304.3851008,-0.5898434867593608,-0.8911898621964899,-0.5906375763538805,-0.8912354706365145
1751764304.4540715,-0.5900616736467069,-0.891086213002492,-0.5907280457000874,-0.8912055067258718
1751764304.5557506,-0.5902517484727563,-0.8910114073697717,-0.5908595877962474,-0.8911530679947155
1751764304.6247025,-0.5904386835056401,-0.8909247751513322,-0.5909411279020015,-0.8911148833399406
1751764304.7265823,-0.5904714296608093,-0.890932585433716,-0.5910526139211135,-0.8910550448533938
1751764304.7953427,-0.590639242411482,-0.8908357870808542,-0.5911213035914612,-0.8910137886993148
1751764304.8966365,-0.5906912448740417,-0.8908090845278261,-0.5912140062091239,-0.890951583774099
1751764304.9653587,-0.5907885687492375,-0.8907764857107374,-0.5912728581049997,-0.8909081463239756
1751764305.0670402,-0.5908974951624953,-0.8906951315199683,-0.5913508761519736,-0.8908447592593002
1751764305.1357937,-0.5909805656330926,-0.8906634347164867,-0.5913956368758313,-0.8908050242503113
1751764305.23672,-0.5910479850268292,-0.8906157746477317,-0.5914571802071921,-0.8907468066798485
1751764305.3059108,-0.5911427911277207,-0.8905418236762029,-0.5914976710680059,-0.8907053334065226
1751764305.4075289,-0.591185693454752,-0.8905174476025399,-0.5915500882290745,-0.8906480154594947
1751764305.4765139,-0.5912225848946048,-0.8905009674068385,-0.591582343438851,-0.8906099989382285
1751764305.5778143,-0.5912502331375626,-0.8904865926106255,-0.5916273007146391,-0.8905536215472611
1751764305.6467335,-0.5913109451536771,-0.890463237421946,-0.5916517805275983,-0.8905205064376477
1751764305.7488136,-0.5913637257923929,-0.8904037258071148,-0.5916889538055938,-0.890467071651337
1751764305.8174522,-0.5912814091414061,-0.8903928913253415,-0.5917349505957074,-0.8903926259070385
1751764305.918696,-0.591308917072743,-0.8904025528796651,-0.5917291352505895,-0.890404369473147
1751764305.987488,-0.5916786875448405,-0.8901712479149712,-0.5917272006789756,-0.8904117042839398
1751764306.088695,-0.5918779161978465,-0.8902228178912294,-0.5916891410658645,-0.8904783492285439
1751764306.1581984,-0.592154135634746,-0.8902736995299143,-0.5916388807263352,-0.8905554565903057
1751764306.259477,-0.592294324454365,-0.8904293677678328,-0.5915484677659261,-0.8906789711986739
1751764306.3283103,-0.5923524735960657,-0.8905778269940573,-0.5914874938383973,-0.8907520307980142
1751764306.4297833,-0.5922470170737915,-0.890660489203147,-0.5913873235790255,-0.8908578585593637
1751764306.4983923,-0.5920769809728491,-0.890610295795404,-0.5913217641487677,-0.8909189241495646
1751764306.6001377,-0.5919357965372206,-0.890740379787561,-0.5912016669134347,-0.8910161829961829
1751764306.669462,-0.5918956776169376,-0.8908412164288649,-0.5910982768982191,-0.8910875731079388
1751764306.7737932,-0.5919343099556574,-0.8909517689625248,-0.5909411189274338,-0.891178256194932
1751764306.8425467,-0.5918565702283326,-0.8911348250588009,-0.5908429373756776,-0.8912255831915847
1751764306.943673,-0.5896208001885923,-0.8905013914899023,-0.5936775168727118,-0.8899410686678795
1751764307.0120752,-0.5830308362193887,-0.8893689848178611,-0.5950379019744976,-0.889453060341438
1751764307.1137977,-0.5840297698799861,-0.8890591540978491,-0.5956668274744302,-0.8892510573894465
1751764307.1820052,-0.5923194353542502,-0.8892965158183606,-0.5955906375344279,-0.8892591802268724
1751764307.2840178,-0.5947858656299299,-0.8893667754569972,-0.5955307861700512,-0.8892615282684394
1751764307.3526175,-0.5957077988235355,-0.8894445021609961,-0.5955260099312255,-0.8892595560357622
1751764307.4547386,-0.5957223638172181,-0.8894771328221284,-0.5955662887023855,-0.8892511510627286
1751764307.524297,-0.5955542508724379,-0.8894560136795827,-0.5956277730444847,-0.8892395501860672
1751764307.6257563,-0.5954224630665571,-0.8894307720486383,-0.5957720854487453,-0.8892081120199821
1751764307.694189,-0.5952519865985295,-0.8893315638097793,-0.5958868681233352,-0.8891761738509965
1751764307.7957551,-0.5952136760615024,-0.8892533478133087,-0.5960382016366991,-0.8891216082111975
1751764307.864282,-0.5954489311186029,-0.8891698194647089,-0.5960972906366432,-0.8890946249757576
1751764307.9665916,-0.5954649502151602,-0.8891075428444929,-0.5962248451305987,-0.8890315550581936
1751764308.0356133,-0.5956136564086508,-0.8890372461221342,-0.5962986162377243,-0.8889887398363672
1751764308.1367428,-0.5956774276287481,-0.8891089761563974,-0.596399873648949,-0.8889217265306883
1751764308.2054803,-0.5957455069861651,-0.8890752198137786,-0.5964681407791511,-0.8888719975658436
1751764308.306875,-0.5958167860905472,-0.8889697793942312,-0.5965542318384626,-0.8888030107120198
1751764308.375367,-0.5959965159364153,-0.8887798217416606,-0.5966063973875199,-0.8887575399744043
1751764308.4767077,-0.5960890936013197,-0.8887267403406588,-0.5966789921711438,-0.8886900138066044
1751764308.5453873,-0.5962193739513394,-0.8886228124462373,-0.5967205580250872,-0.8886482378422095
1751764308.6469574,-0.5963086971360476,-0.8885479936111472,-0.5967767114475799,-0.8885885973722131
1751764308.715244,-0.5964285795313364,-0.888433654491908,-0.5968102879918042,-0.8885512921192821
1751764308.817734,-0.5964937057704348,-0.8883736949005773,-0.5968586545935769,-0.8884941478929176
1751764308.88635,-0.5965505923654618,-0.8883424632666783,-0.5968894846193126,-0.8884559342300483
1751764308.987779,-0.5965657089442187,-0.8883339206475876,-0.5969335864760199,-0.8883987716574449
1751764309.0569746,-0.5966357889444095,-0.8882792544771098,-0.5969573679373005,-0.8883664317692873
1751764309.1582732,-0.5966672640747169,-0.8882523291980053,-0.5969935145275519,-0.8883143597415843
1751764309.2267356,-0.5967237564719758,-0.888189024813802,-0.5970137190462873,-0.8882843587253243
1751764309.3285787,-0.5967735508702101,-0.8881334267500397,-0.5970401100854561,-0.888243644733739
1751764309.3973846,-0.5968407912357955,-0.8880638421562346,-0.5970560036914675,-0.8882177270871636
1751764309.4986203,-0.596848630417999,-0.8880784168972274,-0.5970790105494516,-0.8881789812314765
1751764309.5679047,-0.5968648394721215,-0.8880894871628284,-0.5970937541644293,-0.8881527311746704
1751764309.669745,-0.596881322377003,-0.8880769555455291,-0.5971139245256494,-0.8881155269024382
1751764309.7380908,-0.5969430536468748,-0.887993013556665,-0.597123465820527,-0.888097270312013
1751764309.839868,-0.5969565758895427,-0.8879948273887395,-0.5971389831885053,-0.8880658527680069
1751764309.9081917,-0.5968337654837554,-0.8880451286003783,-0.5971596665798996,-0.8880182342999113
1751764310.0098176,-0.5970959195774206,-0.8879534564692788,-0.5971563636154151,-0.8880289209418314
1751764310.0780725,-0.59712228543753,-0.8880132128951557,-0.597157770287847,-0.8880291422376128
1751764310.17993,-0.5971677337699766,-0.887934849913341,-0.5971593920643401,-0.8880285542561718
1751764310.2484539,-0.5971559827320063,-0.8879043134104041,-0.59715971446757,-0.8880297844220074
1751764310.3505826,-0.5971534185326798,-0.8879472717877657,-0.5971606054891679,-0.8880305012627339
1751764310.4191465,-0.5971589217951709,-0.8879906281473477,-0.5971611780101909,-0.888030470006321
1751764310.5209606,-0.5971579076382476,-0.8879956667700478,-0.5971616055896967,-0.8880304510450919
1751764310.5891047,-0.5971575374636574,-0.888024711274942,-0.5971617511417197,-0.8880302978876053
1751764310.6908371,-0.5971576985729399,-0.8880299530334976,-0.5971617154520817,-0.8880299815394171
1751764310.760073,-0.5971585530592951,-0.8880400632165377,-0.5971615130717798,-0.8880299095989524
1751764310.8620994,-0.5971589731774599,-0.888043496219123,-0.5971609234019853,-0.88802994582029
1751764310.9303284,-0.5971596042932241,-0.888045884292951,-0.5971604193684377,-0.8880299908538308
1751764311.0316873,-0.5971590862600094,-0.8880473943408913,-0.5971595869536737,-0.8880298584742585
1751764311.1005495,-0.597157351898536,-0.8880485852224904,-0.5971590145604372,-0.8880296057755334
1751764311.202786,-0.597156034219711,-0.888048945883529,-0.5971581296939382,-0.888029120265626
1751764311.2715185,-0.5971545434475256,-0.8880495877416952,-0.597157502457876,-0.8880288228285874
1751764311.37267,-0.5971542796710824,-0.8880498126142452,-0.5971565059285863,-0.8880285565481943
1751764311.4417794,-0.5971543667493568,-0.8880481294484663,-0.5971557831438149,-0.8880284263473645
1751764311.5436676,-0.5971538183886946,-0.8880426948310992,-0.5971546884506252,-0.8880281964649933
1751764311.6122875,-0.597152745549819,-0.8880350430440848,-0.5971540776017402,-0.8880280348895313
1751764311.717587,-0.5971520175622455,-0.88803302226175,-0.5971532352922939,-0.8880277296218861
1751764311.78642,-0.5971510576550733,-0.8880319561558572,-0.5971527287398654,-0.8880275022604874
1751764311.8874972,-0.5971502640951775,-0.8880314764627159,-0.5971520470995076,-0.8880271522843444
1751764311.9563742,-0.5971496994838622,-0.8880307123766934,-0.5971516266536399,-0.8880269856760271
1751764312.0577154,-0.5970690949512172,-0.8879919106068416,-0.5971710390863127,-0.8879704371226846
1751764312.1264513,-0.5968718061265702,-0.8880557560816977,-0.5971873938970922,-0.887917892719456
1751764312.228787,-0.5965838502452185,-0.8880155743625018,-0.5972261125333708,-0.8877689225935553
1751764312.2971492,-0.596321319716124,-0.8877530848623401,-0.5972510058118268,-0.887633878153186
1751764312.3993556,-0.5963035187378454,-0.8875743295589357,-0.5972675163399439,-0.8874524873446001
1751764312.4686182,-0.5964136549909432,-0.8874673817799853,-0.5972686832328835,-0.8873349773154761
1751764312.5706975,-0.5964818428452064,-0.8874200544253238,-0.5972574638491548,-0.8871686275264189
1751764312.639727,-0.5964836337461196,-0.8871843594408162,-0.5972438970295528,-0.8870730166240783
1751764312.7412868,-0.5964816690215813,-0.8870639252333133,-0.5972157180646083,-0.8869332527521018
1751764312.8099704,-0.5963912243683939,-0.8868748351000109,-0.5971783042657764,-0.8867990324279699
1751764312.911674,-0.5963595995134404,-0.8868461693991314,-0.5971142456253612,-0.8866275346700535
1751764312.980314,-0.5961926181110566,-0.8867029863421148,-0.5970614899406762,-0.8865132063923659
1751764313.0820103,-0.596119745237393,-0.8864918414676937,-0.5969667075637225,-0.8863469766789754
1751764313.1505594,-0.5961286396766103,-0.8863269648178883,-0.5968952657160845,-0.886242875380797
1751764313.252553,-0.5960871726279842,-0.8862197992791776,-0.596774858811832,-0.8860948600930626
1751764313.3216085,-0.5958905029034476,-0.8860152066571914,-0.5966864294879173,-0.8860027543512179
1751764313.4226747,-0.5957712386697036,-0.8859043449955477,-0.5965431186943504,-0.8858760124559284
1751764313.4917269,-0.5956254518894311,-0.885770652804479,-0.5964408066996293,-0.8857994381767624
1751764313.5930023,-0.5955046818548695,-0.8856906260818128,-0.5962789887049852,-0.8856981842067145
1751764313.6616802,-0.5952824438634835,-0.8855832637650259,-0.5961658043671809,-0.8856399757989891
1751764313.763288,-0.5885951678639193,-0.8848335373668497,-0.5918923956220082,-0.8842764895824671
1751764313.8327613,-0.5685916890784125,-0.8836421616333607,-0.5887000228575785,-0.8835399365025344
1751764313.9340878,-0.5541350519948969,-0.8826010696574617,-0.5780630176623327,-0.8820746133140415
1751764314.0026522,-0.510134622212729,-0.8813973600965476,-0.5674029954092403,-0.8814910764989246
1751764314.1042366,-0.47959458054712256,-0.8813587959032767,-0.548361965806739,-0.8820965196635853
1751764314.1737025,-0.43606344810358166,-0.8829962166996967,-0.5353565822838035,-0.8835871798428193
1751764314.2754216,-0.4208248015628575,-0.8852573551030368,-0.5159131042029388,-0.8875469139714841
1751764314.344364,-0.3941858126893015,-0.8909464786009303,-0.5021897936447053,-0.8915616210237358
1751764314.44579,-0.3790046963870813,-0.8957127900582237,-0.48331449661208903,-0.8988711031397612
1751764314.514401,-0.3580144321302203,-0.9049286121793212,-0.4697791966183373,-0.9054836042351907
1751764314.6158695,-0.34002884025075886,-0.9123498097926583,-0.4510501810577017,-0.9166769359262289
1751764314.6846066,-0.3238717179227168,-0.9244829474678274,-0.43977704495814846,-0.9247878934879671
1751764314.7867422,-0.3174024870289437,-0.9331241006652535,-0.423828968534242,-0.9385021365903763
1751764314.8556633,-0.29821757629416495,-0.9487860886867193,-0.4132730420216411,-0.9491416541684204
1751764314.9572585,-0.28974784601189685,-0.9591411299226311,-0.40057740110473716,-0.9643800725445778
1751764315.0258915,-0.27994552417645313,-0.9763596293829685,-0.3921886156115686,-0.9765127622042962
1751764315.1281075,-0.26830068017879805,-0.9891013573283703,-0.3811653130903416,-0.9958030753056532
1751764315.1968172,-0.25619396923326304,-1.0088404110818812,-0.3752308919686244,-1.008746898654011
1751764315.2977567,-0.25222776295878063,-1.0222393645733816,-0.3675345353341148,-1.029471985921704
1751764315.3663871,-0.24388661566840797,-1.0436878709957875,-0.3633150413762959,-1.043934869986321
1751764315.4689026,-0.23946763977826246,-1.0581783538020333,-0.3583636714442849,-1.065964583851287
1751764315.537309,-0.2351421672101482,-1.0804377066151514,-0.35590256055514047,-1.0808049992110487
1751764315.6397314,-0.2333183609046538,-1.0954177727636256,-0.3533751175476371,-1.1032143319199392
1751764315.70817,-0.23173182210844068,-1.1179493328532308,-0.35240046155598165,-1.1182040087305694
1751764315.8104377,-0.23136782353923818,-1.1329892270814756,-0.3518854569860918,-1.1407406756362277
1751764315.8791628,-0.23174389679108814,-1.1554778447343812,-0.3523063459843522,-1.1557522281965504
1751764315.9810488,-0.23277041601455217,-1.1704566290050276,-0.35380474443789217,-1.178201833491523
1751764316.0494149,-0.23493175856615622,-1.192893387346406,-0.3551914527357335,-1.193146096
1751764316.1516566,-0.2365546518271167,-1.2078039757115384,-0.35769088456934967,-1.2154799606816036
1751764316.2200203,-0.23941270206910714,-1.2301943791644414,-0.359590034003588,-1.230342565792497
1751764316.3216639,-0.24166053297803014,-1.244758361375656,-0.3626418178383246,-1.2517889799567412
1751764316.3904543,-0.2494023388268531,-1.2658916930672184,-0.3649590370575541,-1.2661011432470488
1751764316.4919224,-0.24935600321114504,-1.2806050075254942,-0.3687648318363736,-1.2882644336877211
1751764316.561167,-0.25194563907293444,-1.3027827272091292,-0.3715202880585431,-1.3029916653198121
1751764316.662821,-0.2545011491260815,-1.317509410294906,-0.37566580026160323,-1.3246381477075617
1751764316.7311914,-0.26161645979956577,-1.3385419139859045,-0.37827945956338277,-1.3385679028350599
1751764316.832581,-0.26470738668059046,-1.353132227775635,-0.3821832822854959,-1.360626431211912
1751764316.9016018,-0.2660354160626091,-1.375250681519317,-0.384481474402694,-1.3753608104687998
1751764317.0033207,-0.26733917768203574,-1.390086625443854,-0.3869362135074871,-1.3975419438988341
1751764317.072336,-0.2687613383420993,-1.412366321745551,-0.3877138823186906,-1.4124023583977423
1751764317.1738803,-0.26890282893804734,-1.427232619243702,-0.3879484109233288,-1.4347414874513194
1751764317.2428675,-0.26827158336675855,-1.4495262125340223,-0.38740391664878215,-1.4496139488077515
1751764317.3445983,-0.2672120416855912,-1.4645757543197242,-0.3856403434455927,-1.4719102391599101
1751764317.4135764,-0.2646971012448553,-1.4870228371158456,-0.38406005074239025,-1.4867452481433119
1751764317.5147834,-0.2627062156033859,-1.5018302082359598,-0.3810157016959212,-1.508892619169846
1751764317.5835135,-0.259067484915206,-1.523414020014291,-0.3783784003563756,-1.523137612485455
1751764317.685171,-0.2590678238079297,-1.5372351807235838,-0.37348923069551,-1.5441279174585136
1751764317.7535563,-0.2527462276918937,-1.5587856337977393,-0.3695383676743396,-1.5585044934047811
1751764317.855194,-0.24684507323423377,-1.5730426301672433,-0.36287051383165225,-1.5798504180072417
1751764317.9240184,-0.23881191882725833,-1.59422374546092,-0.3579035676965473,-1.593873899237234
1751764318.0266528,-0.2332225056634351,-1.607904324753404,-0.34920797117707947,-1.6144229404929333
1751764318.0962574,-0.22376078293342033,-1.6279162877622184,-0.3428590370745184,-1.6274458962229115
1751764318.1981328,-0.21988955541713906,-1.6406170280707892,-0.3324035885809514,-1.6467701282975218
1751764318.2662354,-0.20676571040646907,-1.6599894674987234,-0.32489938431983795,-1.6596589866637352
1751764318.3678677,-0.19804220907402043,-1.6726895917652747,-0.31314624057652357,-1.678713836847564
1751764318.4370494,-0.18658798279840577,-1.6911333853025718,-0.3049128824995797,-1.690959107150709
1751764318.5375633,-0.17818617402856451,-1.7028617324601727,-0.2916312751473231,-1.7086312624347098
1751764318.607134,-0.16313902486115744,-1.7202131065581892,-0.2821938565501334,-1.7199695202909264
1751764318.7088578,-0.15257595455287554,-1.7315327249779628,-0.2672566599751099,-1.7365268777739598
1751764318.7776663,-0.13880246952775682,-1.74753564666896,-0.25672504972625043,-1.7470632172958658
1751764318.8787274,-0.12710471507371668,-1.7575808204302488,-0.2403291673529918,-1.7622718222189986
1751764318.9472952,-0.10968861550024878,-1.7723535627842664,-0.22911267828446846,-1.7721253261794732
1751764319.0488787,-0.09826381124848038,-1.7820691595365676,-0.21189422205108285,-1.7863775863312694
1751764319.1177201,-0.08058222543055266,-1.7959962313114846,-0.20010319885803088,-1.7955282546101388
1751764319.21908,-0.06850288084451583,-1.8049832949881348,-0.18212922546093227,-1.808907516072934
1751764319.2880838,-0.050271028517045846,-1.8180526110963098,-0.17001454673783908,-1.8176272614332531
1751764319.3900816,-0.03818384142473363,-1.8263754783244484,-0.15175533443237407,-1.8298582546611233
1751764319.4582102,-0.023330731218080436,-1.8377829726205952,-0.13980921224100526,-1.8373911216997576
1751764319.5601842,-0.011349673535880067,-1.8453862453309744,-0.12058466037909274,-1.8486872118423885
1751764319.6287563,0.008789891472892497,-1.8559094115155406,-0.10821681973351786,-1.855418484940453
1751764319.7299538,0.01912319004101526,-1.862199938392355,-0.09002256506513523,-1.8646817636106767
1751764319.798223,0.035769072926062684,-1.8713063219263868,-0.0765625451666086,-1.8711105060754543
1751764319.9000318,0.05272901488093129,-1.8772299766018337,-0.057541089444133935,-1.8795473057738734
1751764319.9695508,0.0658508912763418,-1.8852963560211984,-0.04448377102748076,-1.8849606234130316
1751764320.0708337,0.08362002147675551,-1.890815771290995,-0.023972338050600433,-1.8928976344171304
1751764320.1394076,0.10464762972409403,-1.8980551737323383,-0.010666386063968417,-1.8976780736187064
1751764320.2420545,0.11906339282345757,-1.9027081350701704,0.010584564035921257,-1.9046870303217438
1751764320.3105664,0.1411535373504359,-1.9090506744892144,0.024128782974298553,-1.9087486446096313
1751764320.412175,0.15248159463812583,-1.9127750759166156,0.04382146786012035,-1.9141705553142454
1751764320.4813998,0.16691311141237697,-1.917917647549205,0.05752851936146759,-1.91765307604309
1751764320.5829115,0.18589788000944618,-1.9214681294145182,0.07893996425963558,-1.9226395535405156
1751764320.6512494,0.20796196957320084,-1.9260224046613148,0.09275808221066369,-1.9255651123367596
1751764320.7529244,0.2186633757444651,-1.9284765745933734,0.11243943841016915,-1.9293287744613394
1751764320.8218632,0.23845350378752855,-1.9320199062972943,0.1271498897248698,-1.9318054150977855
1751764320.9235451,0.25717878355793194,-1.9340828237302248,0.14776069263965433,-1.934679406128423
1751764320.992455,0.2720664915662439,-1.9365605516253037,0.16180418594425708,-1.9362887998270293
1751764321.0940313,0.2908404837296064,-1.9380366266513598,0.18371001929030467,-1.9382769418802515
1751764321.1637797,0.3131850352534713,-1.9395808651595117,0.1978225339597928,-1.939259907166301
1751764321.265,0.32833671145477,-1.9403872094248442,0.21980281732161863,-1.9403627246095685
1751764321.333587,0.3495717276583684,-1.9412463995807698,0.23394758383297687,-1.9408388050503025
1751764321.4357932,0.3602420489417491,-1.9414635850513107,0.25399046292542293,-1.9412043723927221
1751764321.50461,0.38032255390476255,-1.9415243688532136,0.26892604232099204,-1.9412484975478395
1751764321.6061375,0.3993284458054356,-1.941294315906014,0.28976351849636184,-1.9410095821288968
1751764321.674815,0.414442060242953,-1.9409776509042116,0.30391467482860757,-1.940687340707501
1751764321.7770345,0.4332719323226756,-1.9403906939723148,0.32591246051686157,-1.9398520239985602
1751764321.8453581,0.45559382739116283,-1.9392856001197736,0.3400428264213012,-1.939098235699387
1751764321.9469745,0.4706893765081294,-1.938338898280551,0.3624119308892839,-1.9376117568002418
1751764322.015305,0.4937889478762248,-1.9366684783959986,0.3765275623822108,-1.9365189986239413
1751764322.1168475,0.5055705732698317,-1.9354711645572593,0.3968975113103387,-1.9347197009710666
1751764322.1865828,0.5204928654528718,-1.9334684884333115,0.41098644063543205,-1.9333171259769355
1751764322.2879188,0.5399312952327339,-1.931908420314971,0.43289360182852565,-1.9309850594254347
1751764322.3574753,0.5624471331553038,-1.9294820230192464,0.4469526567612933,-1.929343473615729
1751764322.459636,0.5732340164313432,-1.9278222902237727,0.4668490073360772,-1.926801326744851
1751764322.5286682,0.5931824731886403,-1.9249333107692412,0.4816518218772135,-1.9247431777389499
1751764322.6300383,0.6119399873615372,-1.9227980105678573,0.5022731721820911,-1.921664273709807
1751764322.6989703,0.6305608363875903,-1.919573661560568,0.5170434407669333,-1.9193581480364288
1751764322.800741,0.6484088366987433,-1.917188672395045,0.5384093729860674,-1.9158893065447617
1751764322.869076,0.6677409525367459,-1.913664797234883,0.5527774996431256,-1.9135225542707328
1751764322.9706054,0.684573495415989,-1.9111213285879212,0.5744935075405555,-1.909797690291937
1751764323.0398157,0.7046814647593631,-1.9073971734090365,0.5884366078998843,-1.9073114442817316
1751764323.1405241,0.7148900036959573,-1.9049475797070576,0.6081683719355478,-1.9036566680451532
1751764323.2095246,0.734427558308177,-1.900913512171101,0.6228400984001637,-1.9008197459986114
1751764323.3112357,0.7533078473275006,-1.8979952383179772,0.6440375916757665,-1.896487398050982
1751764323.3803115,0.7730535773716612,-1.8935914213843075,0.65828006353275,-1.8934800937921874
1751764323.4817522,0.7898926507355819,-1.8904425923061488,0.6798104998162099,-1.8887847124347619
1751764323.5503092,0.8098879602853983,-1.8858043509326956,0.6936472555268888,-1.885717327578009
1751764323.652597,0.8200521242315749,-1.8828643583768514,0.7132384660386303,-1.8813280015084202
1751764323.7214413,0.8394749103089953,-1.8781111962917179,0.7278150212915218,-1.8780100711472754
1751764323.8231003,0.8582621899617785,-1.8747543616292948,0.7488787555461649,-1.873055807841664
1751764323.891246,0.8778070313233588,-1.8696917846431977,0.763028338190931,-1.869629706067012
1751764323.992503,0.8946464870977819,-1.866149363350483,0.7844431689982571,-1.8643930913461517
1751764324.0609632,0.9145249576492267,-1.861090805937072,0.7982102545820706,-1.861014272628914
1751764324.162757,0.9245222276474341,-1.8578623924568234,0.8180977841841258,-1.856134050335731
1751764324.2315922,0.9437640192422666,-1.8528115894334982,0.8318710467245716,-1.8527771016566836
1751764324.3330257,0.9563962779133499,-1.8496303942166854,0.8514131971795219,-1.8481035463525048
1751764324.4022946,0.9774237783813993,-1.8447855624837726,0.8659915509927117,-1.8447184452138
1751764324.5042624,0.9964732602404154,-1.8415074933796345,0.8871287620541677,-1.8399523976047947
1751764324.5726361,1.0162923120066003,-1.8368280488505684,0.9013727115002158,-1.8368386065249132
1751764324.6738455,1.033216189793536,-1.8337594902744512,0.9229869757272516,-1.8323491335431175
1751764324.743249,1.0533741836880393,-1.8295379549363637,0.9369108910999054,-1.8296108642351192
1751764324.844882,1.067869283953166,-1.8267794812460498,0.958998713959859,-1.8255158140960612
1751764324.9132404,1.090464998526545,-1.8229534336469133,0.9729539326004575,-1.8230397316450866
1751764325.0155404,1.1020318629340782,-1.8204292182878694,0.9931309002316285,-1.8194704124748526
1751764325.0848255,1.1169767964434476,-1.8170922724851688,1.0071284321394833,-1.817159137557736
1751764325.185992,1.1362269512788579,-1.814761057297675,1.0289415678009333,-1.8137841910155603
1751764325.2551913,1.15869313595746,-1.8116518633631329,1.0429865912503884,-1.8117647230993714
1751764325.3568974,1.1694450313040727,-1.809862026779977,1.062917878904723,-1.8091200305424695
1751764325.4260046,1.1807898554557972,-1.8075442415483758,1.0746619019435029,-1.8076488234338377
1751764325.526581,1.1855320037052612,-1.8061259599718023,1.0914901166454736,-1.8055062336572487
1751764325.5955992,1.1937566507866673,-1.8041680853224797,1.1020769111168278,-1.8042353804448459
1751764325.697094,1.1986596438757002,-1.8029980567039066,1.116590258688545,-1.8025877694272818
1751764325.7662148,1.204797739235675,-1.8014765204571546,1.125621552932045,-1.8016190344425806
1751764325.8682327,1.2082818169841518,-1.800505878277806,1.1385490954990782,-1.8001647774123486
1751764325.9375136,1.2179092185464102,-1.7991722433330706,1.1471727830428167,-1.799229660968162
1751764326.0387547,1.2236788830339482,-1.7983741144618892,1.1589633153624928,-1.7980249226788385
1751764326.1071432,1.229439115262573,-1.7973034363839901,1.166052706526787,-1.797349929560778
1751764326.2088177,1.2324732379721883,-1.7966888816596824,1.1758819151077065,-1.7964646429527182
1751764326.2780256,1.2354671033280522,-1.795781712197521,1.1821556460638853,-1.7958861202384284
1751764326.3802836,1.2400252450578537,-1.7952794767607152,1.1912127105652697,-1.7951085478845747
1751764326.448222,1.2445986955321928,-1.7945661119024092,1.1967138591764865,-1.794650166593108
1751764326.5502694,1.2479463711117695,-1.7942075539654778,1.2049727776782124,-1.7940254379464564
1751764326.6194234,1.2530074781596512,-1.7935472473042646,1.2096998691040681,-1.7936779551595508
1751764326.7212296,1.2546344354115837,-1.793150393440855,1.216775735801232,-1.7931351197153949
1751764326.790355,1.2600494536314235,-1.792751235999895,1.2214965805163958,-1.7928052070130613
1751764326.891498,1.2644795559456248,-1.7924795397111972,1.2282055421345166,-1.79237720988256
1751764326.9607954,1.267348941781819,-1.7920155223975136,1.2321391806611373,-1.79212041470315
1751764327.0625775,1.2692453168997684,-1.7918210594529687,1.2380504480472394,-1.7917842683917358
1751764327.131338,1.271898202709108,-1.7915831238808944,1.2412073586825978,-1.7916236124821725
1751764327.2337074,1.2719520489834555,-1.791460581040692,1.2459415528062676,-1.7914132511619167
1751764327.3022926,1.275032473576052,-1.7912808071799087,1.2490977175611953,-1.7912940614470436
1751764327.4040158,1.2778769213553458,-1.7911743232428317,1.2538334027358868,-1.7911459273312713
1751764327.4770179,1.2821755551630885,-1.7910521560843182,1.2565955770292507,-1.7910766062276238
1751764327.5758612,1.2814712180644685,-1.7909478368017104,1.2601431782952626,-1.7909967260407187
1751764327.6441736,1.2824433168176432,-1.7908805759591968,1.2625082288620342,-1.7909488889444147
1751764327.7458863,1.2842667044476754,-1.79084674258108,1.2660554616015134,-1.7908842301020267
1751764327.8145936,1.2875070006994151,-1.7908168409740275,1.2684198792796777,-1.7908462263213558
1751764327.915956,1.28952044612504,-1.790799369322221,1.2711795086503461,-1.7908075930146974
1751764327.9842412,1.2870413796470874,-1.790783313111974,1.2719987834151745,-1.7907976032806905
1751764328.0860074,1.2794071543862597,-1.7907379507226877,1.271932195762644,-1.7908045995504234
1751764328.1544144,1.27323647553125,-1.7906935543214277,1.2718481389894334,-1.790816694309051
1751764328.2556078,1.2718255878267466,-1.7907587202050115,1.2716808772316968,-1.7908514127949566
1751764328.3244967,1.270810846481982,-1.7908287683696327,1.2715584514352467,-1.7908857782794574
1751764328.4264402,1.2705076876592054,-1.7908769715318105,1.2713759984492634,-1.7909545986950042
1751764328.4954023,1.2701963817514867,-1.7908478046067868,1.2712598120467582,-1.7910100456508071
1751764328.5968318,1.270047082765179,-1.7908490056643454,1.2710940198470289,-1.7911069777930686
1751764328.6653154,1.269923103084344,-1.7909351623671266,1.27098930384696,-1.79118176873679
1751764328.7678123,1.269845398374723,-1.7911589758220596,1.2708406452783854,-1.7913075822729934
1751764328.8361323,1.269641119454195,-1.791295315392725,1.2707484818843129,-1.7914002570627654
1751764328.9380207,1.269522812545167,-1.791425970156383,1.2706220108566313,-1.791550597585881
1751764329.006866,1.2694411741604636,-1.7916479241711978,1.2705504783965547,-1.7916519098542472
1751764329.1080065,1.269420743274844,-1.7917789345499726,1.2704630987408674,-1.791799756240057
1751764329.1769578,1.2693724384744831,-1.792015747677399,1.2704157634484698,-1.7918958849185647
1751764329.279926,1.2693863924786737,-1.7921001275373336,1.2703594058049148,-1.792035664356203
1751764329.3485296,1.269301273329209,-1.7922889653691212,1.2703297941705805,-1.7921262105300704
1751764329.4504898,1.2692857196996126,-1.7923903296641286,1.270296125251625,-1.7922574128057376
1751764329.5192337,1.2694246583363018,-1.7924558727882627,1.2702802505541857,-1.7923401580819105
1751764329.621077,1.269423291904221,-1.7925730960404958,1.2702644104108909,-1.7924574711680787
1751764329.6892982,1.2694930163269187,-1.7926983104735688,1.2702580695191064,-1.7925329611928076
1751764329.7922087,1.2694947739233415,-1.7927487450633037,1.2702549188733414,-1.7926438996054046
1751764329.8593314,1.2695911484879285,-1.792829004904991,1.2702561703277433,-1.7927118379642217
1751764329.961209,1.269637993742434,-1.7928721059267838,1.270262483345639,-1.7928054678357754
1751764330.0301597,1.269695957771646,-1.7929962364621714,1.270268862468299,-1.7928628540935398
1751764330.1315436,1.2697109004060705,-1.7930897372346155,1.2702807699209693,-1.7929466106659022
1751764330.2010014,1.2697767752173064,-1.7931355671065234,1.2702897199117102,-1.7929945866044112
1751764330.302603,1.2698105619978493,-1.7931896776707301,1.2703039958808113,-1.7930606782996765
1751764330.371324,1.2698836059326128,-1.7932712255053505,1.2703142700466445,-1.7931021043371749
1751764330.4731967,1.2699262223889574,-1.7932689875735943,1.2703306721247658,-1.7931614941466751
1751764330.5417783,1.2699904470649308,-1.7933078032241314,1.2703406940902722,-1.7931944511936375
1751764330.643514,1.270021870074866,-1.793319902058874,1.2703575376034537,-1.7932466859023752
1751764330.712411,1.2700470434479114,-1.7933538292707807,1.2703693560104337,-1.79328119241124
1751764330.8138502,1.270054001911421,-1.7933843028222598,1.2703857394437803,-1.7933254779418593
1751764330.8823352,1.270121564722774,-1.7934316841195381,1.2703963555545454,-1.7933532511453174
1751764330.9842248,1.2701483750614957,-1.793439479899738,1.2704126290713422,-1.793393634655176
1751764331.0535555,1.2701723865669885,-1.7934683400942206,1.2704240901729449,-1.7934209110425567
1751764331.154591,1.2701866643698674,-1.7934857388276904,1.2704418359807508,-1.7934615944920815
1751764331.2230082,1.2702099170268677,-1.7935431409637457,1.270451320290339,-1.793482323949199
1751764331.3249784,1.2702486878731722,-1.7935780734409426,1.270466052217425,-1.7935138758795637
1751764331.3936505,1.2702745530227375,-1.7936005489850222,1.270475740514982,-1.7935340959086492
1751764331.4958453,1.2702905853538722,-1.793600212786462,1.2705000192360045,-1.7935846369500363
1751764331.5647156,1.2700418348892764,-1.7935833260014007,1.2705271516049585,-1.7936302068531007
1751764331.6658201,1.2704086219363286,-1.7935390683495223,1.2705226316714098,-1.7936242984005204
1751764331.7342274,1.2705029119834959,-1.7937026364395585,1.2705154447087779,-1.7936134214836366
1751764331.8357804,1.270494263966662,-1.7937513423590843,1.2705171826233224,-1.7936170138139103
1751764331.9043734,1.2705084326755545,-1.7937122092292386,1.2705179529231323,-1.7936189200133494
1751764332.0065837,1.2705094769820982,-1.7936842836673323,1.27051729191501,-1.793618468431095
1751764332.075753,1.2705107964291475,-1.793660092440427,1.2705171016286971,-1.7936185318663522
1751764332.176768,1.2705144841309464,-1.7936474369977216,1.2705166561340027,-1.7936185117060768
1751764332.2455983,1.2705169307791901,-1.7936334113989931,1.2705162387488513,-1.7936184090765532
1751764332.346825,1.2705166079859158,-1.7936287087220164,1.2705157109403056,-1.793618635940442
1751764332.4154704,1.2705150778622027,-1.79362659526443,1.2705154180556841,-1.793618967684535
1751764332.5170155,1.2705145045763913,-1.7936233366813565,1.27051487787673,-1.7936194644162589
1751764332.5850408,1.2705146958924454,-1.7936195370505088,1.2705144853751538,-1.793619725914202
1751764332.6871548,1.2705146616447869,-1.7936199704738098,1.270513793950765,-1.7936199709479737
1751764332.7561293,1.2705149685687607,-1.7936196170144847,1.27051329259723,-1.7936200807024942
1751764332.8575797,1.2705151123185452,-1.7936186266509586,1.2705125761041616,-1.7936202642583963
1751764332.927245,1.2705139524081663,-1.7936179531838927,1.270512154827852,-1.7936204775238902
1751764333.0279818,1.2705131500657496,-1.7936180281071386,1.2705115874429314,-1.7936208631688242
1751764333.097048,1.2705123137446859,-1.7936182963768819,1.2705112361236914,-1.7936211097788441
1751764333.198372,1.2705119577881043,-1.7936188104565913,1.2705107187849016,-1.7936214035533913
1751764333.2671976,1.2705115398022433,-1.7936191574308493,1.2705103948190986,-1.7936215585171094
1751764333.3688915,1.2705117214828832,-1.7936193091039616,1.2705099352720506,-1.7936217234269392
1751764333.4378793,1.2705116236544907,-1.793619755079193,1.2705096417581816,-1.793621779597819
1751764333.5399687,1.270511671952757,-1.7936198364726437,1.2705092529932498,-1.7936218330294245
1751764333.6083446,1.2705112043769935,-1.7936203089350744,1.2705090523787426,-1.7936219086165484
1751764333.7102113,1.270510737309633,-1.7936205038948214,1.270508844629307,-1.79362208714746
1751764333.7788706,1.2705100538635994,-1.793620875648101,1.2705087423399122,-1.793622207201579
1751764333.8798883,1.2705101682890534,-1.7936212455431224,1.270508604166877,-1.7936223120431338
1751764333.9493394,1.2705099009277985,-1.7936215276600296,1.2705085301800894,-1.7936223461171819
1751764334.0515628,1.2705102531894417,-1.7936216435556394,1.2705084287278676,-1.79362232996441
1751764334.1204717,1.2705099343363884,-1.7936219566463656,1.2705083622791344,-1.7936222716902697
1751764334.2222824,1.2705098683013063,-1.7936220514638228,1.270508328338103,-1.793622241810299
1751764334.2903311,1.2705100071820183,-1.7936221593884287,1.2705083449668502,-1.7936222648492188
1751764334.392004,1.2705096715480153,-1.7936223005827816,1.270508398103171,-1.793622298005873
1751764334.4605072,1.2705095442367953,-1.7936225981782683,1.2705084194158078,-1.7936222699387103
1751764334.5620434,1.2705100163057974,-1.793622323754222,1.2705084516528722,-1.793622187958706
1751764334.6313176,1.2705101251076794,-1.7936225071086944,1.2705085035995243,-1.7936221757785804
1751764334.7327938,1.2705099298714697,-1.7936226705834355,1.2705085979155395,-1.7936221750824466
1751764334.801153,1.2705102147235525,-1.793622882473951,1.2705086468017608,-1.793622139680527
1751764334.9029555,1.2705100346658698,-1.7936226931961152,1.2705087035711828,-1.793622042412689
1751764334.9713373,1.2705105857872059,-1.7936225986538048,1.2705087534946247,-1.7936220072723248
1751764335.073822,1.270510167194297,-1.793622612446823,1.2705088562784195,-1.7936220061960115
1751764335.142447,1.2705105985751888,-1.79362244360761,1.270508908613012,-1.7936219764130774
1751764335.243936,1.2705106626470886,-1.793622648123869,1.2705089667186062,-1.7936219048617283
1751764335.3123538,1.2705105905957703,-1.793622533360213,1.2705090197781583,-1.7936218957084404
1751764335.4137475,1.2705105005172446,-1.793622299843569,1.2705090911530696,-1.793621870394699
1751764335.482211,1.27051080454121,-1.7936225090755493,1.2705091097322632,-1.793621811356045
1751764335.584935,1.2705105372494092,-1.7936224174178343,1.2705091651560638,-1.7936217895468514
1751764335.6532457,1.2705106315419532,-1.7936222764035001,1.2705092158055709,-1.7936218108227404
1751764335.7548327,1.270510322062088,-1.7936222065130791,1.2705092569192864,-1.7936217911889503
1751764335.8242447,1.270511096845395,-1.7936221420029232,1.2705092640913564,-1.793621745026406
1751764335.9250653,1.2705111927583201,-1.7936221490731332,1.2705092768932553,-1.7936216997864094
1751764335.993832,1.270510835415997,-1.7936220732638906,1.2705093049117762,-1.793621717705795
1751764336.0948496,1.270510631283685,-1.793622196236582,1.2705093206406999,-1.7936217072078706
1751764336.1634834,1.2705108698093694,-1.7936218297289082,1.2705093148674358,-1.7936216701054963
1751764336.265104,1.2705111173778745,-1.793621780412257,1.2705093222553778,-1.7936216639079694
1751764336.3345127,1.2705106744585601,-1.7936220437361783,1.270509340456257,-1.7936216928317328
